Workbook

Sheet League Table
A1: Rank | B1: Name | C1: ELO | D1: Peak ELO | E1: Games | F1: Wins | G1: Draws | H1: Losses | I1: Win % | J1: BP | K1: Tournaments Played
A2: =IF(ROW()-1<=COUNTA('Player Data'!$A$2:$A$51),ROW()-1,"") -> 1 | B2: =IFERROR(INDEX('Player Data'!$A$2:$A$51,MATCH(ROW()-1,'Player Data'!$L$2:$L$51,0)),"") -> John | C2: =IFERROR(INDEX('Player Data'!$B$2:$B$51,MATCH(ROW()-1,'Player Data'!$L$2:$L$51,0)),"") -> 1072 | D2: =IFERROR(INDEX('Player Data'!$C$2:$C$51,MATCH(ROW()-1,'Player Data'!$L$2:$L$51,0)),"") -> 1072 | E2: =IFERROR(INDEX('Player Data'!$D$2:$D$51,MATCH(ROW()-1,'Player Data'!$L$2:$L$51,0)),"") -> 11 | F2: =IFERROR(INDEX('Player Data'!$E$2:$E$51,MATCH(ROW()-1,'Player Data'!$L$2:$L$51,0)),"") -> 7 | G2: =IFERROR(INDEX('Player Data'!$F$2:$F$51,MATCH(ROW()-1,'Player Data'!$L$2:$L$51,0)),"") -> 1 | H2: =IFERROR(INDEX('Player Data'!$G$2:$G$51,MATCH(ROW()-1,'Player Data'!$L$2:$L$51,0)),"") -> 3 | I2: =IFERROR(INDEX('Player Data'!$I$2:$I$51,MATCH(ROW()-1,'Player Data'!$L$2:$L$51,0)),"") -> 0.63636364 | J2: =IFERROR(INDEX('Player Data'!$H$2:$H$51,MATCH(ROW()-1,'Player Data'!$L$2:$L$51,0)),"") -> 937 | K2: =IF(B2="","",COUNTIF('Tournament Log'!C:C,B2)) -> 1
A3: =IF(ROW()-1<=COUNTA('Player Data'!$A$2:$A$51),ROW()-1,"") -> 2 | B3: =IFERROR(INDEX('Player Data'!$A$2:$A$51,MATCH(ROW()-1,'Player Data'!$L$2:$L$51,0)),"") -> Gav | C3: =IFERROR(INDEX('Player Data'!$B$2:$B$51,MATCH(ROW()-1,'Player Data'!$L$2:$L$51,0)),"") -> 1019 | D3: =IFERROR(INDEX('Player Data'!$C$2:$C$51,MATCH(ROW()-1,'Player Data'!$L$2:$L$51,0)),"") -> 1037 | E3: =IFERROR(INDEX('Player Data'!$D$2:$D$51,MATCH(ROW()-1,'Player Data'!$L$2:$L$51,0)),"") -> 7 | F3: =IFERROR(INDEX('Player Data'!$E$2:$E$51,MATCH(ROW()-1,'Player Data'!$L$2:$L$51,0)),"") -> 4 | G3: =IFERROR(INDEX('Player Data'!$F$2:$F$51,MATCH(ROW()-1,'Player Data'!$L$2:$L$51,0)),"") -> 0 | H3: =IFERROR(INDEX('Player Data'!$G$2:$G$51,MATCH(ROW()-1,'Player Data'!$L$2:$L$51,0)),"") -> 3 | I3: =IFERROR(INDEX('Player Data'!$I$2:$I$51,MATCH(ROW()-1,'Player Data'!$L$2:$L$51,0)),"") -> 0.57142857 | J3: =IFERROR(INDEX('Player Data'!$H$2:$H$51,MATCH(ROW()-1,'Player Data'!$L$2:$L$51,0)),"") -> 539 | K3: =IF(B3="","",COUNTIF('Tournament Log'!C:C,B3)) -> 1
A4: =IF(ROW()-1<=COUNTA('Player Data'!$A$2:$A$51),ROW()-1,"") -> 3 | B4: =IFERROR(INDEX('Player Data'!$A$2:$A$51,MATCH(ROW()-1,'Player Data'!$L$2:$L$51,0)),"") -> Allan | C4: =IFERROR(INDEX('Player Data'!$B$2:$B$51,MATCH(ROW()-1,'Player Data'!$L$2:$L$51,0)),"") -> 1017 | D4: =IFERROR(INDEX('Player Data'!$C$2:$C$51,MATCH(ROW()-1,'Player Data'!$L$2:$L$51,0)),"") -> 1017 | E4: =IFERROR(INDEX('Player Data'!$D$2:$D$51,MATCH(ROW()-1,'Player Data'!$L$2:$L$51,0)),"") -> 2 | F4: =IFERROR(INDEX('Player Data'!$E$2:$E$51,MATCH(ROW()-1,'Player Data'!$L$2:$L$51,0)),"") -> 2 | G4: =IFERROR(INDEX('Player Data'!$F$2:$F$51,MATCH(ROW()-1,'Player Data'!$L$2:$L$51,0)),"") -> 0 | H4: =IFERROR(INDEX('Player Data'!$G$2:$G$51,MATCH(ROW()-1,'Player Data'!$L$2:$L$51,0)),"") -> 0 | I4: =IFERROR(INDEX('Player Data'!$I$2:$I$51,MATCH(ROW()-1,'Player Data'!$L$2:$L$51,0)),"") -> 1 | J4: =IFERROR(INDEX('Player Data'!$H$2:$H$51,MATCH(ROW()-1,'Player Data'!$L$2:$L$51,0)),"") -> 187 | K4: =IF(B4="","",COUNTIF('Tournament Log'!C:C,B4)) -> 0
A5: =IF(ROW()-1<=COUNTA('Player Data'!$A$2:$A$51),ROW()-1,"") -> 4 | B5: =IFERROR(INDEX('Player Data'!$A$2:$A$51,MATCH(ROW()-1,'Player Data'!$L$2:$L$51,0)),"") -> Ryan | C5: =IFERROR(INDEX('Player Data'!$B$2:$B$51,MATCH(ROW()-1,'Player Data'!$L$2:$L$51,0)),"") -> 1016 | D5: =IFERROR(INDEX('Player Data'!$C$2:$C$51,MATCH(ROW()-1,'Player Data'!$L$2:$L$51,0)),"") -> 1016 | E5: =IFERROR(INDEX('Player Data'!$D$2:$D$51,MATCH(ROW()-1,'Player Data'!$L$2:$L$51,0)),"") -> 1 | F5: =IFERROR(INDEX('Player Data'!$E$2:$E$51,MATCH(ROW()-1,'Player Data'!$L$2:$L$51,0)),"") -> 1 | G5: =IFERROR(INDEX('Player Data'!$F$2:$F$51,MATCH(ROW()-1,'Player Data'!$L$2:$L$51,0)),"") -> 0 | H5: =IFERROR(INDEX('Player Data'!$G$2:$G$51,MATCH(ROW()-1,'Player Data'!$L$2:$L$51,0)),"") -> 0 | I5: =IFERROR(INDEX('Player Data'!$I$2:$I$51,MATCH(ROW()-1,'Player Data'!$L$2:$L$51,0)),"") -> 1 | J5: =IFERROR(INDEX('Player Data'!$H$2:$H$51,MATCH(ROW()-1,'Player Data'!$L$2:$L$51,0)),"") -> 58 | K5: =IF(B5="","",COUNTIF('Tournament Log'!C:C,B5)) -> 0
A6: =IF(ROW()-1<=COUNTA('Player Data'!$A$2:$A$51),ROW()-1,"") -> 5 | B6: =IFERROR(INDEX('Player Data'!$A$2:$A$51,MATCH(ROW()-1,'Player Data'!$L$2:$L$51,0)),"") -> Pete | C6: =IFERROR(INDEX('Player Data'!$B$2:$B$51,MATCH(ROW()-1,'Player Data'!$L$2:$L$51,0)),"") -> 1015 | D6: =IFERROR(INDEX('Player Data'!$C$2:$C$51,MATCH(ROW()-1,'Player Data'!$L$2:$L$51,0)),"") -> 1015 | E6: =IFERROR(INDEX('Player Data'!$D$2:$D$51,MATCH(ROW()-1,'Player Data'!$L$2:$L$51,0)),"") -> 1 | F6: =IFERROR(INDEX('Player Data'!$E$2:$E$51,MATCH(ROW()-1,'Player Data'!$L$2:$L$51,0)),"") -> 1 | G6: =IFERROR(INDEX('Player Data'!$F$2:$F$51,MATCH(ROW()-1,'Player Data'!$L$2:$L$51,0)),"") -> 0 | H6: =IFERROR(INDEX('Player Data'!$G$2:$G$51,MATCH(ROW()-1,'Player Data'!$L$2:$L$51,0)),"") -> 0 | I6: =IFERROR(INDEX('Player Data'!$I$2:$I$51,MATCH(ROW()-1,'Player Data'!$L$2:$L$51,0)),"") -> 1 | J6: =IFERROR(INDEX('Player Data'!$H$2:$H$51,MATCH(ROW()-1,'Player Data'!$L$2:$L$51,0)),"") -> 40 | K6: =IF(B6="","",COUNTIF('Tournament Log'!C:C,B6)) -> 0
A7: =IF(ROW()-1<=COUNTA('Player Data'!$A$2:$A$51),ROW()-1,"") -> 6 | B7: =IFERROR(INDEX('Player Data'!$A$2:$A$51,MATCH(ROW()-1,'Player Data'!$L$2:$L$51,0)),"") -> Miles | C7: =IFERROR(INDEX('Player Data'!$B$2:$B$51,MATCH(ROW()-1,'Player Data'!$L$2:$L$51,0)),"") -> 1012 | D7: =IFERROR(INDEX('Player Data'!$C$2:$C$51,MATCH(ROW()-1,'Player Data'!$L$2:$L$51,0)),"") -> 1032 | E7: =IFERROR(INDEX('Player Data'!$D$2:$D$51,MATCH(ROW()-1,'Player Data'!$L$2:$L$51,0)),"") -> 5 | F7: =IFERROR(INDEX('Player Data'!$E$2:$E$51,MATCH(ROW()-1,'Player Data'!$L$2:$L$51,0)),"") -> 3 | G7: =IFERROR(INDEX('Player Data'!$F$2:$F$51,MATCH(ROW()-1,'Player Data'!$L$2:$L$51,0)),"") -> 0 | H7: =IFERROR(INDEX('Player Data'!$G$2:$G$51,MATCH(ROW()-1,'Player Data'!$L$2:$L$51,0)),"") -> 2 | I7: =IFERROR(INDEX('Player Data'!$I$2:$I$51,MATCH(ROW()-1,'Player Data'!$L$2:$L$51,0)),"") -> 0.6 | J7: =IFERROR(INDEX('Player Data'!$H$2:$H$51,MATCH(ROW()-1,'Player Data'!$L$2:$L$51,0)),"") -> 424 | K7: =IF(B7="","",COUNTIF('Tournament Log'!C:C,B7)) -> 0
A8: =IF(ROW()-1<=COUNTA('Player Data'!$A$2:$A$51),ROW()-1,"") -> 7 | B8: =IFERROR(INDEX('Player Data'!$A$2:$A$51,MATCH(ROW()-1,'Player Data'!$L$2:$L$51,0)),"") -> Andrew | C8: =IFERROR(INDEX('Player Data'!$B$2:$B$51,MATCH(ROW()-1,'Player Data'!$L$2:$L$51,0)),"") -> 1011 | D8: =IFERROR(INDEX('Player Data'!$C$2:$C$51,MATCH(ROW()-1,'Player Data'!$L$2:$L$51,0)),"") -> 1011 | E8: =IFERROR(INDEX('Player Data'!$D$2:$D$51,MATCH(ROW()-1,'Player Data'!$L$2:$L$51,0)),"") -> 13 | F8: =IFERROR(INDEX('Player Data'!$E$2:$E$51,MATCH(ROW()-1,'Player Data'!$L$2:$L$51,0)),"") -> 6 | G8: =IFERROR(INDEX('Player Data'!$F$2:$F$51,MATCH(ROW()-1,'Player Data'!$L$2:$L$51,0)),"") -> 0 | H8: =IFERROR(INDEX('Player Data'!$G$2:$G$51,MATCH(ROW()-1,'Player Data'!$L$2:$L$51,0)),"") -> 7 | I8: =IFERROR(INDEX('Player Data'!$I$2:$I$51,MATCH(ROW()-1,'Player Data'!$L$2:$L$51,0)),"") -> 0.46153846 | J8: =IFERROR(INDEX('Player Data'!$H$2:$H$51,MATCH(ROW()-1,'Player Data'!$L$2:$L$51,0)),"") -> 1053 | K8: =IF(B8="","",COUNTIF('Tournament Log'!C:C,B8)) -> 1
A9: =IF(ROW()-1<=COUNTA('Player Data'!$A$2:$A$51),ROW()-1,"") -> 8 | B9: =IFERROR(INDEX('Player Data'!$A$2:$A$51,MATCH(ROW()-1,'Player Data'!$L$2:$L$51,0)),"") -> Colin | C9: =IFERROR(INDEX('Player Data'!$B$2:$B$51,MATCH(ROW()-1,'Player Data'!$L$2:$L$51,0)),"") -> 985 | D9: =IFERROR(INDEX('Player Data'!$C$2:$C$51,MATCH(ROW()-1,'Player Data'!$L$2:$L$51,0)),"") -> 1029 | E9: =IFERROR(INDEX('Player Data'!$D$2:$D$51,MATCH(ROW()-1,'Player Data'!$L$2:$L$51,0)),"") -> 16 | F9: =IFERROR(INDEX('Player Data'!$E$2:$E$51,MATCH(ROW()-1,'Player Data'!$L$2:$L$51,0)),"") -> 7 | G9: =IFERROR(INDEX('Player Data'!$F$2:$F$51,MATCH(ROW()-1,'Player Data'!$L$2:$L$51,0)),"") -> 1 | H9: =IFERROR(INDEX('Player Data'!$G$2:$G$51,MATCH(ROW()-1,'Player Data'!$L$2:$L$51,0)),"") -> 8 | I9: =IFERROR(INDEX('Player Data'!$I$2:$I$51,MATCH(ROW()-1,'Player Data'!$L$2:$L$51,0)),"") -> 0.4375 | J9: =IFERROR(INDEX('Player Data'!$H$2:$H$51,MATCH(ROW()-1,'Player Data'!$L$2:$L$51,0)),"") -> 1339 | K9: =IF(B9="","",COUNTIF('Tournament Log'!C:C,B9)) -> 0
A10: =IF(ROW()-1<=COUNTA('Player Data'!$A$2:$A$51),ROW()-1,"") -> 9 | B10: =IFERROR(INDEX('Player Data'!$A$2:$A$51,MATCH(ROW()-1,'Player Data'!$L$2:$L$51,0)),"") -> Brett | C10: =IFERROR(INDEX('Player Data'!$B$2:$B$51,MATCH(ROW()-1,'Player Data'!$L$2:$L$51,0)),"") -> 958 | D10: =IFERROR(INDEX('Player Data'!$C$2:$C$51,MATCH(ROW()-1,'Player Data'!$L$2:$L$51,0)),"") -> 1000 | E10: =IFERROR(INDEX('Player Data'!$D$2:$D$51,MATCH(ROW()-1,'Player Data'!$L$2:$L$51,0)),"") -> 5 | F10: =IFERROR(INDEX('Player Data'!$E$2:$E$51,MATCH(ROW()-1,'Player Data'!$L$2:$L$51,0)),"") -> 1 | G10: =IFERROR(INDEX('Player Data'!$F$2:$F$51,MATCH(ROW()-1,'Player Data'!$L$2:$L$51,0)),"") -> 0 | H10: =IFERROR(INDEX('Player Data'!$G$2:$G$51,MATCH(ROW()-1,'Player Data'!$L$2:$L$51,0)),"") -> 4 | I10: =IFERROR(INDEX('Player Data'!$I$2:$I$51,MATCH(ROW()-1,'Player Data'!$L$2:$L$51,0)),"") -> 0.2 | J10: =IFERROR(INDEX('Player Data'!$H$2:$H$51,MATCH(ROW()-1,'Player Data'!$L$2:$L$51,0)),"") -> 347 | K10: =IF(B10="","",COUNTIF('Tournament Log'!C:C,B10)) -> 0
A11: =IF(ROW()-1<=COUNTA('Player Data'!$A$2:$A$51),ROW()-1,"") -> 10 | B11: =IFERROR(INDEX('Player Data'!$A$2:$A$51,MATCH(ROW()-1,'Player Data'!$L$2:$L$51,0)),"") -> Kev | C11: =IFERROR(INDEX('Player Data'!$B$2:$B$51,MATCH(ROW()-1,'Player Data'!$L$2:$L$51,0)),"") -> 957 | D11: =IFERROR(INDEX('Player Data'!$C$2:$C$51,MATCH(ROW()-1,'Player Data'!$L$2:$L$51,0)),"") -> 1000 | E11: =IFERROR(INDEX('Player Data'!$D$2:$D$51,MATCH(ROW()-1,'Player Data'!$L$2:$L$51,0)),"") -> 3 | F11: =IFERROR(INDEX('Player Data'!$E$2:$E$51,MATCH(ROW()-1,'Player Data'!$L$2:$L$51,0)),"") -> 0 | G11: =IFERROR(INDEX('Player Data'!$F$2:$F$51,MATCH(ROW()-1,'Player Data'!$L$2:$L$51,0)),"") -> 0 | H11: =IFERROR(INDEX('Player Data'!$G$2:$G$51,MATCH(ROW()-1,'Player Data'!$L$2:$L$51,0)),"") -> 3 | I11: =IFERROR(INDEX('Player Data'!$I$2:$I$51,MATCH(ROW()-1,'Player Data'!$L$2:$L$51,0)),"") -> 0 | J11: =IFERROR(INDEX('Player Data'!$H$2:$H$51,MATCH(ROW()-1,'Player Data'!$L$2:$L$51,0)),"") -> 135 | K11: =IF(B11="","",COUNTIF('Tournament Log'!C:C,B11)) -> 0
A12: =IF(ROW()-1<=COUNTA('Player Data'!$A$2:$A$51),ROW()-1,"") | B12: =IFERROR(INDEX('Player Data'!$A$2:$A$51,MATCH(ROW()-1,'Player Data'!$L$2:$L$51,0)),"") | C12: =IFERROR(INDEX('Player Data'!$B$2:$B$51,MATCH(ROW()-1,'Player Data'!$L$2:$L$51,0)),"") | D12: =IFERROR(INDEX('Player Data'!$C$2:$C$51,MATCH(ROW()-1,'Player Data'!$L$2:$L$51,0)),"") | E12: =IFERROR(INDEX('Player Data'!$D$2:$D$51,MATCH(ROW()-1,'Player Data'!$L$2:$L$51,0)),"") | F12: =IFERROR(INDEX('Player Data'!$E$2:$E$51,MATCH(ROW()-1,'Player Data'!$L$2:$L$51,0)),"") | G12: =IFERROR(INDEX('Player Data'!$F$2:$F$51,MATCH(ROW()-1,'Player Data'!$L$2:$L$51,0)),"") | H12: =IFERROR(INDEX('Player Data'!$G$2:$G$51,MATCH(ROW()-1,'Player Data'!$L$2:$L$51,0)),"") | I12: =IFERROR(INDEX('Player Data'!$I$2:$I$51,MATCH(ROW()-1,'Player Data'!$L$2:$L$51,0)),"") | J12: =IFERROR(INDEX('Player Data'!$H$2:$H$51,MATCH(ROW()-1,'Player Data'!$L$2:$L$51,0)),"") | K12: =IF(B12="","",COUNTIF('Tournament Log'!C:C,B12))
A13: =IF(ROW()-1<=COUNTA('Player Data'!$A$2:$A$51),ROW()-1,"") | B13: =IFERROR(INDEX('Player Data'!$A$2:$A$51,MATCH(ROW()-1,'Player Data'!$L$2:$L$51,0)),"") | C13: =IFERROR(INDEX('Player Data'!$B$2:$B$51,MATCH(ROW()-1,'Player Data'!$L$2:$L$51,0)),"") | D13: =IFERROR(INDEX('Player Data'!$C$2:$C$51,MATCH(ROW()-1,'Player Data'!$L$2:$L$51,0)),"") | E13: =IFERROR(INDEX('Player Data'!$D$2:$D$51,MATCH(ROW()-1,'Player Data'!$L$2:$L$51,0)),"") | F13: =IFERROR(INDEX('Player Data'!$E$2:$E$51,MATCH(ROW()-1,'Player Data'!$L$2:$L$51,0)),"") | G13: =IFERROR(INDEX('Player Data'!$F$2:$F$51,MATCH(ROW()-1,'Player Data'!$L$2:$L$51,0)),"") | H13: =IFERROR(INDEX('Player Data'!$G$2:$G$51,MATCH(ROW()-1,'Player Data'!$L$2:$L$51,0)),"") | I13: =IFERROR(INDEX('Player Data'!$I$2:$I$51,MATCH(ROW()-1,'Player Data'!$L$2:$L$51,0)),"") | J13: =IFERROR(INDEX('Player Data'!$H$2:$H$51,MATCH(ROW()-1,'Player Data'!$L$2:$L$51,0)),"") | K13: =IF(B13="","",COUNTIF('Tournament Log'!C:C,B13))
... A51: =IF(ROW()-1<=COUNTA('Player Data'!$A$2:$A$51),ROW()-1,"") | B51: =IFERROR(INDEX('Player Data'!$A$2:$A$51,MATCH(ROW()-1,'Player Data'!$L$2:$L$51,0)),"") | C51: =IFERROR(INDEX('Player Data'!$B$2:$B$51,MATCH(ROW()-1,'Player Data'!$L$2:$L$51,0)),"") | D51: =IFERROR(INDEX('Player Data'!$C$2:$C$51,MATCH(ROW()-1,'Player Data'!$L$2:$L$51,0)),"") | E51: =IFERROR(INDEX('Player Data'!$D$2:$D$51,MATCH(ROW()-1,'Player Data'!$L$2:$L$51,0)),"") | F51: =IFERROR(INDEX('Player Data'!$E$2:$E$51,MATCH(ROW()-1,'Player Data'!$L$2:$L$51,0)),"") | G51: =IFERROR(INDEX('Player Data'!$F$2:$F$51,MATCH(ROW()-1,'Player Data'!$L$2:$L$51,0)),"") | H51: =IFERROR(INDEX('Player Data'!$G$2:$G$51,MATCH(ROW()-1,'Player Data'!$L$2:$L$51,0)),"") | I51: =IFERROR(INDEX('Player Data'!$I$2:$I$51,MATCH(ROW()-1,'Player Data'!$L$2:$L$51,0)),"") | J51: =IFERROR(INDEX('Player Data'!$H$2:$H$51,MATCH(ROW()-1,'Player Data'!$L$2:$L$51,0)),"") | K51: =IF(B51="","",COUNTIF('Tournament Log'!C:C,B51))

Sheet Match Log
A1: MATCH LOG — Record each game result here (one row per game)
A2: Date | B2: Player 1 | C2: Player 2 | D2: Result (P1 perspective) | E2: BP P1 | F2: BP P2 | G2: P1 Faction | H2: P2 Faction | I2: Notes | J2: Sort Key (auto) | K2: Chrono Rank (auto)
A3: 46190 | B3: Andrew | C3: Colin | D3: Loss | E3: 65 | F3: 97 | G3: Necrons | H3: Death Guard | J3: =IF(A3="","",A3+ROW()/10000000) -> 46190 | K3: =IF(J3="","",COUNTIF($J$3:$J$501,"<"&J3)+COUNTIF('Tournament Log'!$N$4:$N$203,"<"&J3)+COUNTIF('Guest Log'!$K$4:$K$203,"<"&J3)+1) -> 1
A4: 46193 | B4: Andrew | C4: Colin | D4: Win | E4: 91 | F4: 80 | G4: Necrons | H4: Death Guard | J4: =IF(A4="","",A4+ROW()/10000000) -> 46193 | K4: =IF(J4="","",COUNTIF($J$3:$J$501,"<"&J4)+COUNTIF('Tournament Log'!$N$4:$N$203,"<"&J4)+COUNTIF('Guest Log'!$K$4:$K$203,"<"&J4)+1) -> 2
A5: 46193 | B5: Andrew | C5: Miles | D5: Loss | E5: 77 | F5: 88 | G5: Necrons | H5: GSC | J5: =IF(A5="","",A5+ROW()/10000000) -> 46193 | K5: =IF(J5="","",COUNTIF($J$3:$J$501,"<"&J5)+COUNTIF('Tournament Log'!$N$4:$N$203,"<"&J5)+COUNTIF('Guest Log'!$K$4:$K$203,"<"&J5)+1) -> 3
A6: 46193 | B6: John | C6: Colin | D6: Win | E6: 91 | F6: 69 | G6: Blood Angels | H6: Death Guard | J6: =IF(A6="","",A6+ROW()/10000000) -> 46193 | K6: =IF(J6="","",COUNTIF($J$3:$J$501,"<"&J6)+COUNTIF('Tournament Log'!$N$4:$N$203,"<"&J6)+COUNTIF('Guest Log'!$K$4:$K$203,"<"&J6)+1) -> 4
A7: 46195 | B7: Brett | C7: Colin | D7: Loss | E7: 69 | F7: 70 | G7: Orks | H7: Death Guard | J7: =IF(A7="","",A7+ROW()/10000000) -> 46195 | K7: =IF(J7="","",COUNTIF($J$3:$J$501,"<"&J7)+COUNTIF('Tournament Log'!$N$4:$N$203,"<"&J7)+COUNTIF('Guest Log'!$K$4:$K$203,"<"&J7)+1) -> 5
A8: 46196 | B8: Andrew | C8: Colin | D8: Loss | E8: 77 | F8: 85 | G8: Necrons | H8: Death Guard | J8: =IF(A8="","",A8+ROW()/10000000) -> 46196 | K8: =IF(J8="","",COUNTIF($J$3:$J$501,"<"&J8)+COUNTIF('Tournament Log'!$N$4:$N$203,"<"&J8)+COUNTIF('Guest Log'!$K$4:$K$203,"<"&J8)+1) -> 6
A9: 46202 | B9: Gav | C9: Brett | D9: Win | E9: 93 | F9: 37 | G9: Votaan | H9: Orks | J9: =IF(A9="","",A9+ROW()/10000000) -> 46202 | K9: =IF(J9="","",COUNTIF($J$3:$J$501,"<"&J9)+COUNTIF('Tournament Log'!$N$4:$N$203,"<"&J9)+COUNTIF('Guest Log'!$K$4:$K$203,"<"&J9)+1) -> 10
A10: 46203 | B10: Andrew | C10: Colin | D10: Loss | E10: 59 | F10: 86 | G10: Necrons | H10: Death Guard | J10: =IF(A10="","",A10+ROW()/10000000) -> 46203 | K10: =IF(J10="","",COUNTIF($J$3:$J$501,"<"&J10)+COUNTIF('Tournament Log'!$N$4:$N$203,"<"&J10)+COUNTIF('Guest Log'!$K$4:$K$203,"<"&J10)+1) -> 11
A11: 46204 | B11: John | C11: Colin | D11: Win | E11: 97 | F11: 78 | G11: Blood Angels | H11: Death Guard | J11: =IF(A11="","",A11+ROW()/10000000) -> 46204 | K11: =IF(J11="","",COUNTIF($J$3:$J$501,"<"&J11)+COUNTIF('Tournament Log'!$N$4:$N$203,"<"&J11)+COUNTIF('Guest Log'!$K$4:$K$203,"<"&J11)+1) -> 12
A12: 46205 | B12: Andrew | C12: Brett | D12: Win | E12: 86 | F12: 69 | G12: Necrons | H12: Orks | J12: =IF(A12="","",A12+ROW()/10000000) -> 46205 | K12: =IF(J12="","",COUNTIF($J$3:$J$501,"<"&J12)+COUNTIF('Tournament Log'!$N$4:$N$203,"<"&J12)+COUNTIF('Guest Log'!$K$4:$K$203,"<"&J12)+1) -> 13
A13: 46209 | B13: Colin | C13: Miles | D13: Loss | E13: 90 | F13: 94 | G13: Death Guard | H13: Imperial Knights | J13: =IF(A13="","",A13+ROW()/10000000) -> 46209 | K13: =IF(J13="","",COUNTIF($J$3:$J$501,"<"&J13)+COUNTIF('Tournament Log'!$N$4:$N$203,"<"&J13)+COUNTIF('Guest Log'!$K$4:$K$203,"<"&J13)+1) -> 14
A14: 46210 | B14: Andrew | C14: Colin | D14: Loss | E14: 74 | F14: 81 | G14: Necrons | H14: Death Guard | J14: =IF(A14="","",A14+ROW()/10000000) -> 46210 | K14: =IF(J14="","",COUNTIF($J$3:$J$501,"<"&J14)+COUNTIF('Tournament Log'!$N$4:$N$203,"<"&J14)+COUNTIF('Guest Log'!$K$4:$K$203,"<"&J14)+1) -> 15
... A28: 46364 | B28: John | C28: Brett | D28: Win | E28: 83 | F28: 82 | G28: Blood Angels | H28: Orks | J28: =IF(A28="","",A28+ROW()/10000000) -> 46364 | K28: =IF(J28="","",COUNTIF($J$3:$J$501,"<"&J28)+COUNTIF('Tournament Log'!$N$4:$N$203,"<"&J28)+COUNTIF('Guest Log'!$K$4:$K$203,"<"&J28)+1) -> 29
J29: =IF(A29="","",A29+ROW()/10000000) | K29: =IF(J29="","",COUNTIF($J$3:$J$501,"<"&J29)+COUNTIF('Tournament Log'!$N$4:$N$203,"<"&J29)+COUNTIF('Guest Log'!$K$4:$K$203,"<"&J29)+1)
J30: =IF(A30="","",A30+ROW()/10000000) | K30: =IF(J30="","",COUNTIF($J$3:$J$501,"<"&J30)+COUNTIF('Tournament Log'!$N$4:$N$203,"<"&J30)+COUNTIF('Guest Log'!$K$4:$K$203,"<"&J30)+1)
J31: =IF(A31="","",A31+ROW()/10000000) | K31: =IF(J31="","",COUNTIF($J$3:$J$501,"<"&J31)+COUNTIF('Tournament Log'!$N$4:$N$203,"<"&J31)+COUNTIF('Guest Log'!$K$4:$K$203,"<"&J31)+1)
J32: =IF(A32="","",A32+ROW()/10000000) | K32: =IF(J32="","",COUNTIF($J$3:$J$501,"<"&J32)+COUNTIF('Tournament Log'!$N$4:$N$203,"<"&J32)+COUNTIF('Guest Log'!$K$4:$K$203,"<"&J32)+1)
J33: =IF(A33="","",A33+ROW()/10000000) | K33: =IF(J33="","",COUNTIF($J$3:$J$501,"<"&J33)+COUNTIF('Tournament Log'!$N$4:$N$203,"<"&J33)+COUNTIF('Guest Log'!$K$4:$K$203,"<"&J33)+1)
J34: =IF(A34="","",A34+ROW()/10000000) | K34: =IF(J34="","",COUNTIF($J$3:$J$501,"<"&J34)+COUNTIF('Tournament Log'!$N$4:$N$203,"<"&J34)+COUNTIF('Guest Log'!$K$4:$K$203,"<"&J34)+1)
J35: =IF(A35="","",A35+ROW()/10000000) | K35: =IF(J35="","",COUNTIF($J$3:$J$501,"<"&J35)+COUNTIF('Tournament Log'!$N$4:$N$203,"<"&J35)+COUNTIF('Guest Log'!$K$4:$K$203,"<"&J35)+1)
J36: =IF(A36="","",A36+ROW()/10000000) | K36: =IF(J36="","",COUNTIF($J$3:$J$501,"<"&J36)+COUNTIF('Tournament Log'!$N$4:$N$203,"<"&J36)+COUNTIF('Guest Log'!$K$4:$K$203,"<"&J36)+1)
J37: =IF(A37="","",A37+ROW()/10000000) | K37: =IF(J37="","",COUNTIF($J$3:$J$501,"<"&J37)+COUNTIF('Tournament Log'!$N$4:$N$203,"<"&J37)+COUNTIF('Guest Log'!$K$4:$K$203,"<"&J37)+1)
J38: =IF(A38="","",A38+ROW()/10000000) | K38: =IF(J38="","",COUNTIF($J$3:$J$501,"<"&J38)+COUNTIF('Tournament Log'!$N$4:$N$203,"<"&J38)+COUNTIF('Guest Log'!$K$4:$K$203,"<"&J38)+1)
J39: =IF(A39="","",A39+ROW()/10000000) | K39: =IF(J39="","",COUNTIF($J$3:$J$501,"<"&J39)+COUNTIF('Tournament Log'!$N$4:$N$203,"<"&J39)+COUNTIF('Guest Log'!$K$4:$K$203,"<"&J39)+1)
J40: =IF(A40="","",A40+ROW()/10000000) | K40: =IF(J40="","",COUNTIF($J$3:$J$501,"<"&J40)+COUNTIF('Tournament Log'!$N$4:$N$203,"<"&J40)+COUNTIF('Guest Log'!$K$4:$K$203,"<"&J40)+1)
... J501: =IF(A501="","",A501+ROW()/10000000) | K501: =IF(J501="","",COUNTIF($J$3:$J$501,"<"&J501)+COUNTIF('Tournament Log'!$N$4:$N$203,"<"&J501)+COUNTIF('Guest Log'!$K$4:$K$203,"<"&J501)+1)

Sheet Tournament Log
A1: TOURNAMENT LOG — One row per player per tournament
A2: Date | B2: Tournament | C2: Player | D2: Rounds Played | E2: Wins | F2: Draws | G2: Losses | H2: Player VP Total | I2: Tournament SoS (0.00–1.00) | J2: Phantom Opp ELO (auto) | K2: Composite Score (auto) | L2: Faction Played | M2: Notes | N2: Sort Key (auto) | O2: Chrono Rank (auto)
A3: ℹ Phantom Opponent ELO = 800 + (SoS × 400). SoS 0.50 → ELO 1000 | SoS 0.75 → ELO 1100 | SoS 1.00 → ELO 1200. Composite Score = (Wins + 0.5×Draws) ÷ Rounds — treated as the ELO 'Actual' result against the phantom opponent.
A4: 46200 | B4: The Kelpie Cup #8 | C4: Andrew | D4: 3 | E4: 1 | F4: 0 | G4: 2 | H4: 242 | I4: 0.76 | J4: =IF(C4="","",IF(I4="","",ROUND(800+I4*400,0))) -> 1104 | K4: =IF(C4="","",IF(D4=0,"",ROUND((E4+0.5*F4)/D4,4))) -> 0.3333 | L4: Necrons | N4: =IF(A4="","",A4+0.0005+ROW()/10000000) -> 46200.001 | O4: =IF(N4="","",COUNTIF('Match Log'!$J$3:$J$501,"<"&N4)+COUNTIF($N$4:$N$203,"<"&N4)+COUNTIF('Guest Log'!$K$4:$K$203,"<"&N4)+1) -> 9
A5: 46198 | B5: Brewhammer GT9 | C5: John | D5: 5 | E5: 2 | F5: 0 | G5: 3 | H5: 378 | I5: 0.84 | J5: =IF(C5="","",IF(I5="","",ROUND(800+I5*400,0))) -> 1136 | K5: =IF(C5="","",IF(D5=0,"",ROUND((E5+0.5*F5)/D5,4))) -> 0.4 | L5: Blood Angels | N5: =IF(A5="","",A5+0.0005+ROW()/10000000) -> 46198.001 | O5: =IF(N5="","",COUNTIF('Match Log'!$J$3:$J$501,"<"&N5)+COUNTIF($N$4:$N$203,"<"&N5)+COUNTIF('Guest Log'!$K$4:$K$203,"<"&N5)+1) -> 7
A6: 46198 | B6: Brewhammer GT9 | C6: Gav | D6: 5 | E6: 3 | F6: 0 | G6: 2 | H6: 373 | I6: 0.75 | J6: =IF(C6="","",IF(I6="","",ROUND(800+I6*400,0))) -> 1100 | K6: =IF(C6="","",IF(D6=0,"",ROUND((E6+0.5*F6)/D6,4))) -> 0.6 | L6: Guard | N6: =IF(A6="","",A6+0.0005+ROW()/10000000) -> 46198.001 | O6: =IF(N6="","",COUNTIF('Match Log'!$J$3:$J$501,"<"&N6)+COUNTIF($N$4:$N$203,"<"&N6)+COUNTIF('Guest Log'!$K$4:$K$203,"<"&N6)+1) -> 8
J7: =IF(C7="","",IF(I7="","",ROUND(800+I7*400,0))) | K7: =IF(C7="","",IF(D7=0,"",ROUND((E7+0.5*F7)/D7,4))) | N7: =IF(A7="","",A7+0.0005+ROW()/10000000) | O7: =IF(N7="","",COUNTIF('Match Log'!$J$3:$J$501,"<"&N7)+COUNTIF($N$4:$N$203,"<"&N7)+COUNTIF('Guest Log'!$K$4:$K$203,"<"&N7)+1)
J8: =IF(C8="","",IF(I8="","",ROUND(800+I8*400,0))) | K8: =IF(C8="","",IF(D8=0,"",ROUND((E8+0.5*F8)/D8,4))) | N8: =IF(A8="","",A8+0.0005+ROW()/10000000) | O8: =IF(N8="","",COUNTIF('Match Log'!$J$3:$J$501,"<"&N8)+COUNTIF($N$4:$N$203,"<"&N8)+COUNTIF('Guest Log'!$K$4:$K$203,"<"&N8)+1)
J9: =IF(C9="","",IF(I9="","",ROUND(800+I9*400,0))) | K9: =IF(C9="","",IF(D9=0,"",ROUND((E9+0.5*F9)/D9,4))) | N9: =IF(A9="","",A9+0.0005+ROW()/10000000) | O9: =IF(N9="","",COUNTIF('Match Log'!$J$3:$J$501,"<"&N9)+COUNTIF($N$4:$N$203,"<"&N9)+COUNTIF('Guest Log'!$K$4:$K$203,"<"&N9)+1)
J10: =IF(C10="","",IF(I10="","",ROUND(800+I10*400,0))) | K10: =IF(C10="","",IF(D10=0,"",ROUND((E10+0.5*F10)/D10,4))) | N10: =IF(A10="","",A10+0.0005+ROW()/10000000) | O10: =IF(N10="","",COUNTIF('Match Log'!$J$3:$J$501,"<"&N10)+COUNTIF($N$4:$N$203,"<"&N10)+COUNTIF('Guest Log'!$K$4:$K$203,"<"&N10)+1)
J11: =IF(C11="","",IF(I11="","",ROUND(800+I11*400,0))) | K11: =IF(C11="","",IF(D11=0,"",ROUND((E11+0.5*F11)/D11,4))) | N11: =IF(A11="","",A11+0.0005+ROW()/10000000) | O11: =IF(N11="","",COUNTIF('Match Log'!$J$3:$J$501,"<"&N11)+COUNTIF($N$4:$N$203,"<"&N11)+COUNTIF('Guest Log'!$K$4:$K$203,"<"&N11)+1)
J12: =IF(C12="","",IF(I12="","",ROUND(800+I12*400,0))) | K12: =IF(C12="","",IF(D12=0,"",ROUND((E12+0.5*F12)/D12,4))) | N12: =IF(A12="","",A12+0.0005+ROW()/10000000) | O12: =IF(N12="","",COUNTIF('Match Log'!$J$3:$J$501,"<"&N12)+COUNTIF($N$4:$N$203,"<"&N12)+COUNTIF('Guest Log'!$K$4:$K$203,"<"&N12)+1)
J13: =IF(C13="","",IF(I13="","",ROUND(800+I13*400,0))) | K13: =IF(C13="","",IF(D13=0,"",ROUND((E13+0.5*F13)/D13,4))) | N13: =IF(A13="","",A13+0.0005+ROW()/10000000) | O13: =IF(N13="","",COUNTIF('Match Log'!$J$3:$J$501,"<"&N13)+COUNTIF($N$4:$N$203,"<"&N13)+COUNTIF('Guest Log'!$K$4:$K$203,"<"&N13)+1)
J14: =IF(C14="","",IF(I14="","",ROUND(800+I14*400,0))) | K14: =IF(C14="","",IF(D14=0,"",ROUND((E14+0.5*F14)/D14,4))) | N14: =IF(A14="","",A14+0.0005+ROW()/10000000) | O14: =IF(N14="","",COUNTIF('Match Log'!$J$3:$J$501,"<"&N14)+COUNTIF($N$4:$N$203,"<"&N14)+COUNTIF('Guest Log'!$K$4:$K$203,"<"&N14)+1)
J15: =IF(C15="","",IF(I15="","",ROUND(800+I15*400,0))) | K15: =IF(C15="","",IF(D15=0,"",ROUND((E15+0.5*F15)/D15,4))) | N15: =IF(A15="","",A15+0.0005+ROW()/10000000) | O15: =IF(N15="","",COUNTIF('Match Log'!$J$3:$J$501,"<"&N15)+COUNTIF($N$4:$N$203,"<"&N15)+COUNTIF('Guest Log'!$K$4:$K$203,"<"&N15)+1)
J16: =IF(C16="","",IF(I16="","",ROUND(800+I16*400,0))) | K16: =IF(C16="","",IF(D16=0,"",ROUND((E16+0.5*F16)/D16,4))) | N16: =IF(A16="","",A16+0.0005+ROW()/10000000) | O16: =IF(N16="","",COUNTIF('Match Log'!$J$3:$J$501,"<"&N16)+COUNTIF($N$4:$N$203,"<"&N16)+COUNTIF('Guest Log'!$K$4:$K$203,"<"&N16)+1)
J17: =IF(C17="","",IF(I17="","",ROUND(800+I17*400,0))) | K17: =IF(C17="","",IF(D17=0,"",ROUND((E17+0.5*F17)/D17,4))) | N17: =IF(A17="","",A17+0.0005+ROW()/10000000) | O17: =IF(N17="","",COUNTIF('Match Log'!$J$3:$J$501,"<"&N17)+COUNTIF($N$4:$N$203,"<"&N17)+COUNTIF('Guest Log'!$K$4:$K$203,"<"&N17)+1)
J18: =IF(C18="","",IF(I18="","",ROUND(800+I18*400,0))) | K18: =IF(C18="","",IF(D18=0,"",ROUND((E18+0.5*F18)/D18,4))) | N18: =IF(A18="","",A18+0.0005+ROW()/10000000) | O18: =IF(N18="","",COUNTIF('Match Log'!$J$3:$J$501,"<"&N18)+COUNTIF($N$4:$N$203,"<"&N18)+COUNTIF('Guest Log'!$K$4:$K$203,"<"&N18)+1)
... J203: =IF(C203="","",IF(I203="","",ROUND(800+I203*400,0))) | K203: =IF(C203="","",IF(D203=0,"",ROUND((E203+0.5*F203)/D203,4))) | N203: =IF(A203="","",A203+0.0005+ROW()/10000000) | O203: =IF(N203="","",COUNTIF('Match Log'!$J$3:$J$501,"<"&N203)+COUNTIF($N$4:$N$203,"<"&N203)+COUNTIF('Guest Log'!$K$4:$K$203,"<"&N203)+1)

Sheet Guest Log
A1: GUEST LOG — One row per game vs an unregistered / one-off opponent
A2: Date | B2: League Player | C2: Result (Player perspective) | D2: Player BP | E2: Opponent BP | F2: Player Faction | G2: Opponent Faction | H2: Guest Opponent Name | I2: Guest Opponent Est. ELO | J2: Notes | K2: Sort Key (auto) | L2: Chrono Rank (auto)
A3: ℹ Guest = a one-off opponent you do NOT want added to the League Table. Guest Opponent Est. ELO is a manual estimate of their strength (leave blank to default to 1000, a neutral 'unknown player' rating). This affects YOUR rating only — the guest's own rating is not tracked or carried between games, even if you reuse the same guest name.
A4: 08/13/2026 | B4: Allan | C4: Win | D4: 100 | E4: 56 | F4: Ad Mech | G4: Necrons | H4: Graeme | K4: =IF(A4="","",A4+0.0003+ROW()/10000000) -> #VALUE! | L4: =IF(K4="","",COUNTIF('Match Log'!$J$3:$J$501,"<"&K4)+COUNTIF('Tournament Log'!$N$4:$N$203,"<"&K4)+COUNTIF($K$4:$K$203,"<"&K4)+1) -> #VALUE!
K5: =IF(A5="","",A5+0.0003+ROW()/10000000) | L5: =IF(K5="","",COUNTIF('Match Log'!$J$3:$J$501,"<"&K5)+COUNTIF('Tournament Log'!$N$4:$N$203,"<"&K5)+COUNTIF($K$4:$K$203,"<"&K5)+1)
K6: =IF(A6="","",A6+0.0003+ROW()/10000000) | L6: =IF(K6="","",COUNTIF('Match Log'!$J$3:$J$501,"<"&K6)+COUNTIF('Tournament Log'!$N$4:$N$203,"<"&K6)+COUNTIF($K$4:$K$203,"<"&K6)+1)
K7: =IF(A7="","",A7+0.0003+ROW()/10000000) | L7: =IF(K7="","",COUNTIF('Match Log'!$J$3:$J$501,"<"&K7)+COUNTIF('Tournament Log'!$N$4:$N$203,"<"&K7)+COUNTIF($K$4:$K$203,"<"&K7)+1)
K8: =IF(A8="","",A8+0.0003+ROW()/10000000) | L8: =IF(K8="","",COUNTIF('Match Log'!$J$3:$J$501,"<"&K8)+COUNTIF('Tournament Log'!$N$4:$N$203,"<"&K8)+COUNTIF($K$4:$K$203,"<"&K8)+1)
K9: =IF(A9="","",A9+0.0003+ROW()/10000000) | L9: =IF(K9="","",COUNTIF('Match Log'!$J$3:$J$501,"<"&K9)+COUNTIF('Tournament Log'!$N$4:$N$203,"<"&K9)+COUNTIF($K$4:$K$203,"<"&K9)+1)
K10: =IF(A10="","",A10+0.0003+ROW()/10000000) | L10: =IF(K10="","",COUNTIF('Match Log'!$J$3:$J$501,"<"&K10)+COUNTIF('Tournament Log'!$N$4:$N$203,"<"&K10)+COUNTIF($K$4:$K$203,"<"&K10)+1)
K11: =IF(A11="","",A11+0.0003+ROW()/10000000) | L11: =IF(K11="","",COUNTIF('Match Log'!$J$3:$J$501,"<"&K11)+COUNTIF('Tournament Log'!$N$4:$N$203,"<"&K11)+COUNTIF($K$4:$K$203,"<"&K11)+1)
K12: =IF(A12="","",A12+0.0003+ROW()/10000000) | L12: =IF(K12="","",COUNTIF('Match Log'!$J$3:$J$501,"<"&K12)+COUNTIF('Tournament Log'!$N$4:$N$203,"<"&K12)+COUNTIF($K$4:$K$203,"<"&K12)+1)
K13: =IF(A13="","",A13+0.0003+ROW()/10000000) | L13: =IF(K13="","",COUNTIF('Match Log'!$J$3:$J$501,"<"&K13)+COUNTIF('Tournament Log'!$N$4:$N$203,"<"&K13)+COUNTIF($K$4:$K$203,"<"&K13)+1)
K14: =IF(A14="","",A14+0.0003+ROW()/10000000) | L14: =IF(K14="","",COUNTIF('Match Log'!$J$3:$J$501,"<"&K14)+COUNTIF('Tournament Log'!$N$4:$N$203,"<"&K14)+COUNTIF($K$4:$K$203,"<"&K14)+1)
K15: =IF(A15="","",A15+0.0003+ROW()/10000000) | L15: =IF(K15="","",COUNTIF('Match Log'!$J$3:$J$501,"<"&K15)+COUNTIF('Tournament Log'!$N$4:$N$203,"<"&K15)+COUNTIF($K$4:$K$203,"<"&K15)+1)
K16: =IF(A16="","",A16+0.0003+ROW()/10000000) | L16: =IF(K16="","",COUNTIF('Match Log'!$J$3:$J$501,"<"&K16)+COUNTIF('Tournament Log'!$N$4:$N$203,"<"&K16)+COUNTIF($K$4:$K$203,"<"&K16)+1)
... K203: =IF(A203="","",A203+0.0003+ROW()/10000000) | L203: =IF(K203="","",COUNTIF('Match Log'!$J$3:$J$501,"<"&K203)+COUNTIF('Tournament Log'!$N$4:$N$203,"<"&K203)+COUNTIF($K$4:$K$203,"<"&K203)+1)

Sheet ELO Engine
A1: Global Rank | B1: Date | C1: Event Type | D1: Match Log Row (auto) | E1: Tournament Log Row (auto) | F1: Player 1 | G1: Player 2 / Opponent | H1: ELO Before P1 | I1: Opponent ELO (Before P2 / Phantom) | J1: Expected P1 | K1: Actual P1 / Composite | L1: K-Factor | M1: ELO Change | N1: ELO After P1 | O1: ELO After P2 | P1: Tournament (if applicable) | Q1: Guest Log Row (auto)
A2: =1 -> 1 | B2: =IF(C2="","",IF(C2="Match",INDEX('Match Log'!$A:$A,D2),IF(C2="Tournament",INDEX('Tournament Log'!$A:$A,E2),INDEX('Guest Log'!$A:$A,Q2)))) -> 46190 | C2: =IF(D2<>"","Match",IF(E2<>"","Tournament",IF(Q2<>"","Guest",""))) -> Match | D2: =IFERROR(MATCH($A2,'Match Log'!$K$3:$K$501,0)+2,"") -> 3 | E2: =IFERROR(MATCH($A2,'Tournament Log'!$O$4:$O$203,0)+3,"") | F2: =IF(C2="","",IF(C2="Match",INDEX('Match Log'!$B:$B,D2),IF(C2="Tournament",INDEX('Tournament Log'!$C:$C,E2),INDEX('Guest Log'!$B:$B,Q2)))) -> Andrew | G2: =IF(C2="","",IF(C2="Match",INDEX('Match Log'!$C:$C,D2),IF(C2="Tournament",INDEX('Tournament Log'!$B:$B,E2)&" (Phantom)",INDEX('Guest Log'!$H:$H,Q2)&" (Guest)"))) -> Colin | H2: {=IF(C2="","",IFERROR(LOOKUP(2,1/(($F$1:F1=F2)+($G$1:G1=F2)),IF($F$1:F1=F2,$N$1:N1,$O$1:O1)),1000))} -> 1000 | I2: {=IF(C2="","",IF(C2="Tournament",INDEX('Tournament Log'!$J:$J,E2),IF(C2="Guest",IF(INDEX('Guest Log'!$I:$I,Q2)="",1000,INDEX('Guest Log'!$I:$I,Q2)),IFERROR(LOOKUP(2,1/(($F$1:F1=G2)+($G$1:G1=G2)),IF($F$1:F1=G2,$N$1:N1,$O$1:O1)),1000))))} -> 1000 | J2: =IF(C2="","",1/(1+10^((I2-H2)/400))) -> 0.5 | K2: =IF(C2="","",IF(C2="Match",IF(INDEX('Match Log'!$D:$D,D2)="Win",1,IF(INDEX('Match Log'!$D:$D,D2)="Draw",0.5,0)),IF(C2="Tournament",INDEX('Tournament Log'!$K:$K,E2),IF(INDEX('Guest Log'!$C:$C,Q2)="Win",1,IF(INDEX('Guest Log'!$C:$C,Q2)="Draw",0.5,0))))) -> 0 | L2: =IF(C2="","",IF(C2="Match",32,IF(C2="Tournament",MIN(32*INDEX('Tournament Log'!$D:$D,E2),96),32))) -> 32 | M2: =IF(C2="","",ROUND(L2*(K2-J2),0)) -> -16 | N2: =IF(C2="","",H2+M2) -> 984 | O2: =IF(C2="","",IF(C2="Match",I2-M2,"")) -> 1016 | P2: =IF(C2="Tournament",INDEX('Tournament Log'!$B:$B,E2),IF(C2="Guest","Guest: "&INDEX('Guest Log'!$H:$H,Q2),"")) | Q2: =IFERROR(MATCH($A2,'Guest Log'!$L$4:$L$203,0)+3,"")
A3: =2 -> 2 | B3: =IF(C3="","",IF(C3="Match",INDEX('Match Log'!$A:$A,D3),IF(C3="Tournament",INDEX('Tournament Log'!$A:$A,E3),INDEX('Guest Log'!$A:$A,Q3)))) -> 46193 | C3: =IF(D3<>"","Match",IF(E3<>"","Tournament",IF(Q3<>"","Guest",""))) -> Match | D3: =IFERROR(MATCH($A3,'Match Log'!$K$3:$K$501,0)+2,"") -> 4 | E3: =IFERROR(MATCH($A3,'Tournament Log'!$O$4:$O$203,0)+3,"") | F3: =IF(C3="","",IF(C3="Match",INDEX('Match Log'!$B:$B,D3),IF(C3="Tournament",INDEX('Tournament Log'!$C:$C,E3),INDEX('Guest Log'!$B:$B,Q3)))) -> Andrew | G3: =IF(C3="","",IF(C3="Match",INDEX('Match Log'!$C:$C,D3),IF(C3="Tournament",INDEX('Tournament Log'!$B:$B,E3)&" (Phantom)",INDEX('Guest Log'!$H:$H,Q3)&" (Guest)"))) -> Colin | H3: {=IF(C3="","",IFERROR(LOOKUP(2,1/(($F$1:F2=F3)+($G$1:G2=F3)),IF($F$1:F2=F3,$N$1:N2,$O$1:O2)),1000))} -> 984 | I3: {=IF(C3="","",IF(C3="Tournament",INDEX('Tournament Log'!$J:$J,E3),IF(C3="Guest",IF(INDEX('Guest Log'!$I:$I,Q3)="",1000,INDEX('Guest Log'!$I:$I,Q3)),IFERROR(LOOKUP(2,1/(($F$1:F2=G3)+($G$1:G2=G3)),IF($F$1:F2=G3,$N$1:N2,$O$1:O2)),1000))))} -> 1016 | J3: =IF(C3="","",1/(1+10^((I3-H3)/400))) -> 0.45407808 | K3: =IF(C3="","",IF(C3="Match",IF(INDEX('Match Log'!$D:$D,D3)="Win",1,IF(INDEX('Match Log'!$D:$D,D3)="Draw",0.5,0)),IF(C3="Tournament",INDEX('Tournament Log'!$K:$K,E3),IF(INDEX('Guest Log'!$C:$C,Q3)="Win",1,IF(INDEX('Guest Log'!$C:$C,Q3)="Draw",0.5,0))))) -> 1 | L3: =IF(C3="","",IF(C3="Match",32,IF(C3="Tournament",MIN(32*INDEX('Tournament Log'!$D:$D,E3),96),32))) -> 32 | M3: =IF(C3="","",ROUND(L3*(K3-J3),0)) -> 17 | N3: =IF(C3="","",H3+M3) -> 1001 | O3: =IF(C3="","",IF(C3="Match",I3-M3,"")) -> 999 | P3: =IF(C3="Tournament",INDEX('Tournament Log'!$B:$B,E3),IF(C3="Guest","Guest: "&INDEX('Guest Log'!$H:$H,Q3),"")) | Q3: =IFERROR(MATCH($A3,'Guest Log'!$L$4:$L$203,0)+3,"")
A4: =3 -> 3 | B4: =IF(C4="","",IF(C4="Match",INDEX('Match Log'!$A:$A,D4),IF(C4="Tournament",INDEX('Tournament Log'!$A:$A,E4),INDEX('Guest Log'!$A:$A,Q4)))) -> 46193 | C4: =IF(D4<>"","Match",IF(E4<>"","Tournament",IF(Q4<>"","Guest",""))) -> Match | D4: =IFERROR(MATCH($A4,'Match Log'!$K$3:$K$501,0)+2,"") -> 5 | E4: =IFERROR(MATCH($A4,'Tournament Log'!$O$4:$O$203,0)+3,"") | F4: =IF(C4="","",IF(C4="Match",INDEX('Match Log'!$B:$B,D4),IF(C4="Tournament",INDEX('Tournament Log'!$C:$C,E4),INDEX('Guest Log'!$B:$B,Q4)))) -> Andrew | G4: =IF(C4="","",IF(C4="Match",INDEX('Match Log'!$C:$C,D4),IF(C4="Tournament",INDEX('Tournament Log'!$B:$B,E4)&" (Phantom)",INDEX('Guest Log'!$H:$H,Q4)&" (Guest)"))) -> Miles | H4: {=IF(C4="","",IFERROR(LOOKUP(2,1/(($F$1:F3=F4)+($G$1:G3=F4)),IF($F$1:F3=F4,$N$1:N3,$O$1:O3)),1000))} -> 1001 | I4: {=IF(C4="","",IF(C4="Tournament",INDEX('Tournament Log'!$J:$J,E4),IF(C4="Guest",IF(INDEX('Guest Log'!$I:$I,Q4)="",1000,INDEX('Guest Log'!$I:$I,Q4)),IFERROR(LOOKUP(2,1/(($F$1:F3=G4)+($G$1:G3=G4)),IF($F$1:F3=G4,$N$1:N3,$O$1:O3)),1000))))} -> 1000 | J4: =IF(C4="","",1/(1+10^((I4-H4)/400))) -> 0.50143911 | K4: =IF(C4="","",IF(C4="Match",IF(INDEX('Match Log'!$D:$D,D4)="Win",1,IF(INDEX('Match Log'!$D:$D,D4)="Draw",0.5,0)),IF(C4="Tournament",INDEX('Tournament Log'!$K:$K,E4),IF(INDEX('Guest Log'!$C:$C,Q4)="Win",1,IF(INDEX('Guest Log'!$C:$C,Q4)="Draw",0.5,0))))) -> 0 | L4: =IF(C4="","",IF(C4="Match",32,IF(C4="Tournament",MIN(32*INDEX('Tournament Log'!$D:$D,E4),96),32))) -> 32 | M4: =IF(C4="","",ROUND(L4*(K4-J4),0)) -> -16 | N4: =IF(C4="","",H4+M4) -> 985 | O4: =IF(C4="","",IF(C4="Match",I4-M4,"")) -> 1016 | P4: =IF(C4="Tournament",INDEX('Tournament Log'!$B:$B,E4),IF(C4="Guest","Guest: "&INDEX('Guest Log'!$H:$H,Q4),"")) | Q4: =IFERROR(MATCH($A4,'Guest Log'!$L$4:$L$203,0)+3,"")
A5: =4 -> 4 | B5: =IF(C5="","",IF(C5="Match",INDEX('Match Log'!$A:$A,D5),IF(C5="Tournament",INDEX('Tournament Log'!$A:$A,E5),INDEX('Guest Log'!$A:$A,Q5)))) -> 46193 | C5: =IF(D5<>"","Match",IF(E5<>"","Tournament",IF(Q5<>"","Guest",""))) -> Match | D5: =IFERROR(MATCH($A5,'Match Log'!$K$3:$K$501,0)+2,"") -> 6 | E5: =IFERROR(MATCH($A5,'Tournament Log'!$O$4:$O$203,0)+3,"") | F5: =IF(C5="","",IF(C5="Match",INDEX('Match Log'!$B:$B,D5),IF(C5="Tournament",INDEX('Tournament Log'!$C:$C,E5),INDEX('Guest Log'!$B:$B,Q5)))) -> John | G5: =IF(C5="","",IF(C5="Match",INDEX('Match Log'!$C:$C,D5),IF(C5="Tournament",INDEX('Tournament Log'!$B:$B,E5)&" (Phantom)",INDEX('Guest Log'!$H:$H,Q5)&" (Guest)"))) -> Colin | H5: {=IF(C5="","",IFERROR(LOOKUP(2,1/(($F$1:F4=F5)+($G$1:G4=F5)),IF($F$1:F4=F5,$N$1:N4,$O$1:O4)),1000))} -> 1000 | I5: {=IF(C5="","",IF(C5="Tournament",INDEX('Tournament Log'!$J:$J,E5),IF(C5="Guest",IF(INDEX('Guest Log'!$I:$I,Q5)="",1000,INDEX('Guest Log'!$I:$I,Q5)),IFERROR(LOOKUP(2,1/(($F$1:F4=G5)+($G$1:G4=G5)),IF($F$1:F4=G5,$N$1:N4,$O$1:O4)),1000))))} -> 999 | J5: =IF(C5="","",1/(1+10^((I5-H5)/400))) -> 0.50143911 | K5: =IF(C5="","",IF(C5="Match",IF(INDEX('Match Log'!$D:$D,D5)="Win",1,IF(INDEX('Match Log'!$D:$D,D5)="Draw",0.5,0)),IF(C5="Tournament",INDEX('Tournament Log'!$K:$K,E5),IF(INDEX('Guest Log'!$C:$C,Q5)="Win",1,IF(INDEX('Guest Log'!$C:$C,Q5)="Draw",0.5,0))))) -> 1 | L5: =IF(C5="","",IF(C5="Match",32,IF(C5="Tournament",MIN(32*INDEX('Tournament Log'!$D:$D,E5),96),32))) -> 32 | M5: =IF(C5="","",ROUND(L5*(K5-J5),0)) -> 16 | N5: =IF(C5="","",H5+M5) -> 1016 | O5: =IF(C5="","",IF(C5="Match",I5-M5,"")) -> 983 | P5: =IF(C5="Tournament",INDEX('Tournament Log'!$B:$B,E5),IF(C5="Guest","Guest: "&INDEX('Guest Log'!$H:$H,Q5),"")) | Q5: =IFERROR(MATCH($A5,'Guest Log'!$L$4:$L$203,0)+3,"")
A6: =5 -> 5 | B6: =IF(C6="","",IF(C6="Match",INDEX('Match Log'!$A:$A,D6),IF(C6="Tournament",INDEX('Tournament Log'!$A:$A,E6),INDEX('Guest Log'!$A:$A,Q6)))) -> 46195 | C6: =IF(D6<>"","Match",IF(E6<>"","Tournament",IF(Q6<>"","Guest",""))) -> Match | D6: =IFERROR(MATCH($A6,'Match Log'!$K$3:$K$501,0)+2,"") -> 7 | E6: =IFERROR(MATCH($A6,'Tournament Log'!$O$4:$O$203,0)+3,"") | F6: =IF(C6="","",IF(C6="Match",INDEX('Match Log'!$B:$B,D6),IF(C6="Tournament",INDEX('Tournament Log'!$C:$C,E6),INDEX('Guest Log'!$B:$B,Q6)))) -> Brett | G6: =IF(C6="","",IF(C6="Match",INDEX('Match Log'!$C:$C,D6),IF(C6="Tournament",INDEX('Tournament Log'!$B:$B,E6)&" (Phantom)",INDEX('Guest Log'!$H:$H,Q6)&" (Guest)"))) -> Colin | H6: {=IF(C6="","",IFERROR(LOOKUP(2,1/(($F$1:F5=F6)+($G$1:G5=F6)),IF($F$1:F5=F6,$N$1:N5,$O$1:O5)),1000))} -> 1000 | I6: {=IF(C6="","",IF(C6="Tournament",INDEX('Tournament Log'!$J:$J,E6),IF(C6="Guest",IF(INDEX('Guest Log'!$I:$I,Q6)="",1000,INDEX('Guest Log'!$I:$I,Q6)),IFERROR(LOOKUP(2,1/(($F$1:F5=G6)+($G$1:G5=G6)),IF($F$1:F5=G6,$N$1:N5,$O$1:O5)),1000))))} -> 983 | J6: =IF(C6="","",1/(1+10^((I6-H6)/400))) -> 0.52444546 | K6: =IF(C6="","",IF(C6="Match",IF(INDEX('Match Log'!$D:$D,D6)="Win",1,IF(INDEX('Match Log'!$D:$D,D6)="Draw",0.5,0)),IF(C6="Tournament",INDEX('Tournament Log'!$K:$K,E6),IF(INDEX('Guest Log'!$C:$C,Q6)="Win",1,IF(INDEX('Guest Log'!$C:$C,Q6)="Draw",0.5,0))))) -> 0 | L6: =IF(C6="","",IF(C6="Match",32,IF(C6="Tournament",MIN(32*INDEX('Tournament Log'!$D:$D,E6),96),32))) -> 32 | M6: =IF(C6="","",ROUND(L6*(K6-J6),0)) -> -17 | N6: =IF(C6="","",H6+M6) -> 983 | O6: =IF(C6="","",IF(C6="Match",I6-M6,"")) -> 1000 | P6: =IF(C6="Tournament",INDEX('Tournament Log'!$B:$B,E6),IF(C6="Guest","Guest: "&INDEX('Guest Log'!$H:$H,Q6),"")) | Q6: =IFERROR(MATCH($A6,'Guest Log'!$L$4:$L$203,0)+3,"")
A7: =6 -> 6 | B7: =IF(C7="","",IF(C7="Match",INDEX('Match Log'!$A:$A,D7),IF(C7="Tournament",INDEX('Tournament Log'!$A:$A,E7),INDEX('Guest Log'!$A:$A,Q7)))) -> 46196 | C7: =IF(D7<>"","Match",IF(E7<>"","Tournament",IF(Q7<>"","Guest",""))) -> Match | D7: =IFERROR(MATCH($A7,'Match Log'!$K$3:$K$501,0)+2,"") -> 8 | E7: =IFERROR(MATCH($A7,'Tournament Log'!$O$4:$O$203,0)+3,"") | F7: =IF(C7="","",IF(C7="Match",INDEX('Match Log'!$B:$B,D7),IF(C7="Tournament",INDEX('Tournament Log'!$C:$C,E7),INDEX('Guest Log'!$B:$B,Q7)))) -> Andrew | G7: =IF(C7="","",IF(C7="Match",INDEX('Match Log'!$C:$C,D7),IF(C7="Tournament",INDEX('Tournament Log'!$B:$B,E7)&" (Phantom)",INDEX('Guest Log'!$H:$H,Q7)&" (Guest)"))) -> Colin | H7: {=IF(C7="","",IFERROR(LOOKUP(2,1/(($F$1:F6=F7)+($G$1:G6=F7)),IF($F$1:F6=F7,$N$1:N6,$O$1:O6)),1000))} -> 985 | I7: {=IF(C7="","",IF(C7="Tournament",INDEX('Tournament Log'!$J:$J,E7),IF(C7="Guest",IF(INDEX('Guest Log'!$I:$I,Q7)="",1000,INDEX('Guest Log'!$I:$I,Q7)),IFERROR(LOOKUP(2,1/(($F$1:F6=G7)+($G$1:G6=G7)),IF($F$1:F6=G7,$N$1:N6,$O$1:O6)),1000))))} -> 1000 | J7: =IF(C7="","",1/(1+10^((I7-H7)/400))) -> 0.47842667 | K7: =IF(C7="","",IF(C7="Match",IF(INDEX('Match Log'!$D:$D,D7)="Win",1,IF(INDEX('Match Log'!$D:$D,D7)="Draw",0.5,0)),IF(C7="Tournament",INDEX('Tournament Log'!$K:$K,E7),IF(INDEX('Guest Log'!$C:$C,Q7)="Win",1,IF(INDEX('Guest Log'!$C:$C,Q7)="Draw",0.5,0))))) -> 0 | L7: =IF(C7="","",IF(C7="Match",32,IF(C7="Tournament",MIN(32*INDEX('Tournament Log'!$D:$D,E7),96),32))) -> 32 | M7: =IF(C7="","",ROUND(L7*(K7-J7),0)) -> -15 | N7: =IF(C7="","",H7+M7) -> 970 | O7: =IF(C7="","",IF(C7="Match",I7-M7,"")) -> 1015 | P7: =IF(C7="Tournament",INDEX('Tournament Log'!$B:$B,E7),IF(C7="Guest","Guest: "&INDEX('Guest Log'!$H:$H,Q7),"")) | Q7: =IFERROR(MATCH($A7,'Guest Log'!$L$4:$L$203,0)+3,"")
A8: =7 -> 7 | B8: =IF(C8="","",IF(C8="Match",INDEX('Match Log'!$A:$A,D8),IF(C8="Tournament",INDEX('Tournament Log'!$A:$A,E8),INDEX('Guest Log'!$A:$A,Q8)))) -> 46198 | C8: =IF(D8<>"","Match",IF(E8<>"","Tournament",IF(Q8<>"","Guest",""))) -> Tournament | D8: =IFERROR(MATCH($A8,'Match Log'!$K$3:$K$501,0)+2,"") | E8: =IFERROR(MATCH($A8,'Tournament Log'!$O$4:$O$203,0)+3,"") -> 5 | F8: =IF(C8="","",IF(C8="Match",INDEX('Match Log'!$B:$B,D8),IF(C8="Tournament",INDEX('Tournament Log'!$C:$C,E8),INDEX('Guest Log'!$B:$B,Q8)))) -> John | G8: =IF(C8="","",IF(C8="Match",INDEX('Match Log'!$C:$C,D8),IF(C8="Tournament",INDEX('Tournament Log'!$B:$B,E8)&" (Phantom)",INDEX('Guest Log'!$H:$H,Q8)&" (Guest)"))) -> Brewhammer GT9 (Phantom) | H8: {=IF(C8="","",IFERROR(LOOKUP(2,1/(($F$1:F7=F8)+($G$1:G7=F8)),IF($F$1:F7=F8,$N$1:N7,$O$1:O7)),1000))} -> 1016 | I8: {=IF(C8="","",IF(C8="Tournament",INDEX('Tournament Log'!$J:$J,E8),IF(C8="Guest",IF(INDEX('Guest Log'!$I:$I,Q8)="",1000,INDEX('Guest Log'!$I:$I,Q8)),IFERROR(LOOKUP(2,1/(($F$1:F7=G8)+($G$1:G7=G8)),IF($F$1:F7=G8,$N$1:N7,$O$1:O7)),1000))))} -> 1136 | J8: =IF(C8="","",1/(1+10^((I8-H8)/400))) -> 0.33386058 | K8: =IF(C8="","",IF(C8="Match",IF(INDEX('Match Log'!$D:$D,D8)="Win",1,IF(INDEX('Match Log'!$D:$D,D8)="Draw",0.5,0)),IF(C8="Tournament",INDEX('Tournament Log'!$K:$K,E8),IF(INDEX('Guest Log'!$C:$C,Q8)="Win",1,IF(INDEX('Guest Log'!$C:$C,Q8)="Draw",0.5,0))))) -> 0.4 | L8: =IF(C8="","",IF(C8="Match",32,IF(C8="Tournament",MIN(32*INDEX('Tournament Log'!$D:$D,E8),96),32))) -> 96 | M8: =IF(C8="","",ROUND(L8*(K8-J8),0)) -> 6 | N8: =IF(C8="","",H8+M8) -> 1022 | O8: =IF(C8="","",IF(C8="Match",I8-M8,"")) | P8: =IF(C8="Tournament",INDEX('Tournament Log'!$B:$B,E8),IF(C8="Guest","Guest: "&INDEX('Guest Log'!$H:$H,Q8),"")) -> Brewhammer GT9 | Q8: =IFERROR(MATCH($A8,'Guest Log'!$L$4:$L$203,0)+3,"")
A9: =8 -> 8 | B9: =IF(C9="","",IF(C9="Match",INDEX('Match Log'!$A:$A,D9),IF(C9="Tournament",INDEX('Tournament Log'!$A:$A,E9),INDEX('Guest Log'!$A:$A,Q9)))) -> 46198 | C9: =IF(D9<>"","Match",IF(E9<>"","Tournament",IF(Q9<>"","Guest",""))) -> Tournament | D9: =IFERROR(MATCH($A9,'Match Log'!$K$3:$K$501,0)+2,"") | E9: =IFERROR(MATCH($A9,'Tournament Log'!$O$4:$O$203,0)+3,"") -> 6 | F9: =IF(C9="","",IF(C9="Match",INDEX('Match Log'!$B:$B,D9),IF(C9="Tournament",INDEX('Tournament Log'!$C:$C,E9),INDEX('Guest Log'!$B:$B,Q9)))) -> Gav | G9: =IF(C9="","",IF(C9="Match",INDEX('Match Log'!$C:$C,D9),IF(C9="Tournament",INDEX('Tournament Log'!$B:$B,E9)&" (Phantom)",INDEX('Guest Log'!$H:$H,Q9)&" (Guest)"))) -> Brewhammer GT9 (Phantom) | H9: {=IF(C9="","",IFERROR(LOOKUP(2,1/(($F$1:F8=F9)+($G$1:G8=F9)),IF($F$1:F8=F9,$N$1:N8,$O$1:O8)),1000))} -> 1000 | I9: {=IF(C9="","",IF(C9="Tournament",INDEX('Tournament Log'!$J:$J,E9),IF(C9="Guest",IF(INDEX('Guest Log'!$I:$I,Q9)="",1000,INDEX('Guest Log'!$I:$I,Q9)),IFERROR(LOOKUP(2,1/(($F$1:F8=G9)+($G$1:G8=G9)),IF($F$1:F8=G9,$N$1:N8,$O$1:O8)),1000))))} -> 1100 | J9: =IF(C9="","",1/(1+10^((I9-H9)/400))) -> 0.359935 | K9: =IF(C9="","",IF(C9="Match",IF(INDEX('Match Log'!$D:$D,D9)="Win",1,IF(INDEX('Match Log'!$D:$D,D9)="Draw",0.5,0)),IF(C9="Tournament",INDEX('Tournament Log'!$K:$K,E9),IF(INDEX('Guest Log'!$C:$C,Q9)="Win",1,IF(INDEX('Guest Log'!$C:$C,Q9)="Draw",0.5,0))))) -> 0.6 | L9: =IF(C9="","",IF(C9="Match",32,IF(C9="Tournament",MIN(32*INDEX('Tournament Log'!$D:$D,E9),96),32))) -> 96 | M9: =IF(C9="","",ROUND(L9*(K9-J9),0)) -> 23 | N9: =IF(C9="","",H9+M9) -> 1023 | O9: =IF(C9="","",IF(C9="Match",I9-M9,"")) | P9: =IF(C9="Tournament",INDEX('Tournament Log'!$B:$B,E9),IF(C9="Guest","Guest: "&INDEX('Guest Log'!$H:$H,Q9),"")) -> Brewhammer GT9 | Q9: =IFERROR(MATCH($A9,'Guest Log'!$L$4:$L$203,0)+3,"")
A10: =9 -> 9 | B10: =IF(C10="","",IF(C10="Match",INDEX('Match Log'!$A:$A,D10),IF(C10="Tournament",INDEX('Tournament Log'!$A:$A,E10),INDEX('Guest Log'!$A:$A,Q10)))) -> 46200 | C10: =IF(D10<>"","Match",IF(E10<>"","Tournament",IF(Q10<>"","Guest",""))) -> Tournament | D10: =IFERROR(MATCH($A10,'Match Log'!$K$3:$K$501,0)+2,"") | E10: =IFERROR(MATCH($A10,'Tournament Log'!$O$4:$O$203,0)+3,"") -> 4 | F10: =IF(C10="","",IF(C10="Match",INDEX('Match Log'!$B:$B,D10),IF(C10="Tournament",INDEX('Tournament Log'!$C:$C,E10),INDEX('Guest Log'!$B:$B,Q10)))) -> Andrew | G10: =IF(C10="","",IF(C10="Match",INDEX('Match Log'!$C:$C,D10),IF(C10="Tournament",INDEX('Tournament Log'!$B:$B,E10)&" (Phantom)",INDEX('Guest Log'!$H:$H,Q10)&" (Guest)"))) -> The Kelpie Cup #8 (Phantom) | H10: {=IF(C10="","",IFERROR(LOOKUP(2,1/(($F$1:F9=F10)+($G$1:G9=F10)),IF($F$1:F9=F10,$N$1:N9,$O$1:O9)),1000))} -> 970 | I10: {=IF(C10="","",IF(C10="Tournament",INDEX('Tournament Log'!$J:$J,E10),IF(C10="Guest",IF(INDEX('Guest Log'!$I:$I,Q10)="",1000,INDEX('Guest Log'!$I:$I,Q10)),IFERROR(LOOKUP(2,1/(($F$1:F9=G10)+($G$1:G9=G10)),IF($F$1:F9=G10,$N$1:N9,$O$1:O9)),1000))))} -> 1104 | J10: =IF(C10="","",1/(1+10^((I10-H10)/400))) -> 0.31618369 | K10: =IF(C10="","",IF(C10="Match",IF(INDEX('Match Log'!$D:$D,D10)="Win",1,IF(INDEX('Match Log'!$D:$D,D10)="Draw",0.5,0)),IF(C10="Tournament",INDEX('Tournament Log'!$K:$K,E10),IF(INDEX('Guest Log'!$C:$C,Q10)="Win",1,IF(INDEX('Guest Log'!$C:$C,Q10)="Draw",0.5,0))))) -> 0.3333 | L10: =IF(C10="","",IF(C10="Match",32,IF(C10="Tournament",MIN(32*INDEX('Tournament Log'!$D:$D,E10),96),32))) -> 96 | M10: =IF(C10="","",ROUND(L10*(K10-J10),0)) -> 2 | N10: =IF(C10="","",H10+M10) -> 972 | O10: =IF(C10="","",IF(C10="Match",I10-M10,"")) | P10: =IF(C10="Tournament",INDEX('Tournament Log'!$B:$B,E10),IF(C10="Guest","Guest: "&INDEX('Guest Log'!$H:$H,Q10),"")) -> The Kelpie Cup #8 | Q10: =IFERROR(MATCH($A10,'Guest Log'!$L$4:$L$203,0)+3,"")
A11: =10 -> 10 | B11: =IF(C11="","",IF(C11="Match",INDEX('Match Log'!$A:$A,D11),IF(C11="Tournament",INDEX('Tournament Log'!$A:$A,E11),INDEX('Guest Log'!$A:$A,Q11)))) -> 46202 | C11: =IF(D11<>"","Match",IF(E11<>"","Tournament",IF(Q11<>"","Guest",""))) -> Match | D11: =IFERROR(MATCH($A11,'Match Log'!$K$3:$K$501,0)+2,"") -> 9 | E11: =IFERROR(MATCH($A11,'Tournament Log'!$O$4:$O$203,0)+3,"") | F11: =IF(C11="","",IF(C11="Match",INDEX('Match Log'!$B:$B,D11),IF(C11="Tournament",INDEX('Tournament Log'!$C:$C,E11),INDEX('Guest Log'!$B:$B,Q11)))) -> Gav | G11: =IF(C11="","",IF(C11="Match",INDEX('Match Log'!$C:$C,D11),IF(C11="Tournament",INDEX('Tournament Log'!$B:$B,E11)&" (Phantom)",INDEX('Guest Log'!$H:$H,Q11)&" (Guest)"))) -> Brett | H11: {=IF(C11="","",IFERROR(LOOKUP(2,1/(($F$1:F10=F11)+($G$1:G10=F11)),IF($F$1:F10=F11,$N$1:N10,$O$1:O10)),1000))} -> 1023 | I11: {=IF(C11="","",IF(C11="Tournament",INDEX('Tournament Log'!$J:$J,E11),IF(C11="Guest",IF(INDEX('Guest Log'!$I:$I,Q11)="",1000,INDEX('Guest Log'!$I:$I,Q11)),IFERROR(LOOKUP(2,1/(($F$1:F10=G11)+($G$1:G10=G11)),IF($F$1:F10=G11,$N$1:N10,$O$1:O10)),1000))))} -> 983 | J11: =IF(C11="","",1/(1+10^((I11-H11)/400))) -> 0.55731163 | K11: =IF(C11="","",IF(C11="Match",IF(INDEX('Match Log'!$D:$D,D11)="Win",1,IF(INDEX('Match Log'!$D:$D,D11)="Draw",0.5,0)),IF(C11="Tournament",INDEX('Tournament Log'!$K:$K,E11),IF(INDEX('Guest Log'!$C:$C,Q11)="Win",1,IF(INDEX('Guest Log'!$C:$C,Q11)="Draw",0.5,0))))) -> 1 | L11: =IF(C11="","",IF(C11="Match",32,IF(C11="Tournament",MIN(32*INDEX('Tournament Log'!$D:$D,E11),96),32))) -> 32 | M11: =IF(C11="","",ROUND(L11*(K11-J11),0)) -> 14 | N11: =IF(C11="","",H11+M11) -> 1037 | O11: =IF(C11="","",IF(C11="Match",I11-M11,"")) -> 969 | P11: =IF(C11="Tournament",INDEX('Tournament Log'!$B:$B,E11),IF(C11="Guest","Guest: "&INDEX('Guest Log'!$H:$H,Q11),"")) | Q11: =IFERROR(MATCH($A11,'Guest Log'!$L$4:$L$203,0)+3,"")
A12: =11 -> 11 | B12: =IF(C12="","",IF(C12="Match",INDEX('Match Log'!$A:$A,D12),IF(C12="Tournament",INDEX('Tournament Log'!$A:$A,E12),INDEX('Guest Log'!$A:$A,Q12)))) -> 46203 | C12: =IF(D12<>"","Match",IF(E12<>"","Tournament",IF(Q12<>"","Guest",""))) -> Match | D12: =IFERROR(MATCH($A12,'Match Log'!$K$3:$K$501,0)+2,"") -> 10 | E12: =IFERROR(MATCH($A12,'Tournament Log'!$O$4:$O$203,0)+3,"") | F12: =IF(C12="","",IF(C12="Match",INDEX('Match Log'!$B:$B,D12),IF(C12="Tournament",INDEX('Tournament Log'!$C:$C,E12),INDEX('Guest Log'!$B:$B,Q12)))) -> Andrew | G12: =IF(C12="","",IF(C12="Match",INDEX('Match Log'!$C:$C,D12),IF(C12="Tournament",INDEX('Tournament Log'!$B:$B,E12)&" (Phantom)",INDEX('Guest Log'!$H:$H,Q12)&" (Guest)"))) -> Colin | H12: {=IF(C12="","",IFERROR(LOOKUP(2,1/(($F$1:F11=F12)+($G$1:G11=F12)),IF($F$1:F11=F12,$N$1:N11,$O$1:O11)),1000))} -> 972 | I12: {=IF(C12="","",IF(C12="Tournament",INDEX('Tournament Log'!$J:$J,E12),IF(C12="Guest",IF(INDEX('Guest Log'!$I:$I,Q12)="",1000,INDEX('Guest Log'!$I:$I,Q12)),IFERROR(LOOKUP(2,1/(($F$1:F11=G12)+($G$1:G11=G12)),IF($F$1:F11=G12,$N$1:N11,$O$1:O11)),1000))))} -> 1015 | J12: =IF(C12="","",1/(1+10^((I12-H12)/400))) -> 0.43843206 | K12: =IF(C12="","",IF(C12="Match",IF(INDEX('Match Log'!$D:$D,D12)="Win",1,IF(INDEX('Match Log'!$D:$D,D12)="Draw",0.5,0)),IF(C12="Tournament",INDEX('Tournament Log'!$K:$K,E12),IF(INDEX('Guest Log'!$C:$C,Q12)="Win",1,IF(INDEX('Guest Log'!$C:$C,Q12)="Draw",0.5,0))))) -> 0 | L12: =IF(C12="","",IF(C12="Match",32,IF(C12="Tournament",MIN(32*INDEX('Tournament Log'!$D:$D,E12),96),32))) -> 32 | M12: =IF(C12="","",ROUND(L12*(K12-J12),0)) -> -14 | N12: =IF(C12="","",H12+M12) -> 958 | O12: =IF(C12="","",IF(C12="Match",I12-M12,"")) -> 1029 | P12: =IF(C12="Tournament",INDEX('Tournament Log'!$B:$B,E12),IF(C12="Guest","Guest: "&INDEX('Guest Log'!$H:$H,Q12),"")) | Q12: =IFERROR(MATCH($A12,'Guest Log'!$L$4:$L$203,0)+3,"")
A13: =12 -> 12 | B13: =IF(C13="","",IF(C13="Match",INDEX('Match Log'!$A:$A,D13),IF(C13="Tournament",INDEX('Tournament Log'!$A:$A,E13),INDEX('Guest Log'!$A:$A,Q13)))) -> 46204 | C13: =IF(D13<>"","Match",IF(E13<>"","Tournament",IF(Q13<>"","Guest",""))) -> Match | D13: =IFERROR(MATCH($A13,'Match Log'!$K$3:$K$501,0)+2,"") -> 11 | E13: =IFERROR(MATCH($A13,'Tournament Log'!$O$4:$O$203,0)+3,"") | F13: =IF(C13="","",IF(C13="Match",INDEX('Match Log'!$B:$B,D13),IF(C13="Tournament",INDEX('Tournament Log'!$C:$C,E13),INDEX('Guest Log'!$B:$B,Q13)))) -> John | G13: =IF(C13="","",IF(C13="Match",INDEX('Match Log'!$C:$C,D13),IF(C13="Tournament",INDEX('Tournament Log'!$B:$B,E13)&" (Phantom)",INDEX('Guest Log'!$H:$H,Q13)&" (Guest)"))) -> Colin | H13: {=IF(C13="","",IFERROR(LOOKUP(2,1/(($F$1:F12=F13)+($G$1:G12=F13)),IF($F$1:F12=F13,$N$1:N12,$O$1:O12)),1000))} -> 1022 | I13: {=IF(C13="","",IF(C13="Tournament",INDEX('Tournament Log'!$J:$J,E13),IF(C13="Guest",IF(INDEX('Guest Log'!$I:$I,Q13)="",1000,INDEX('Guest Log'!$I:$I,Q13)),IFERROR(LOOKUP(2,1/(($F$1:F12=G13)+($G$1:G12=G13)),IF($F$1:F12=G13,$N$1:N12,$O$1:O12)),1000))))} -> 1029 | J13: =IF(C13="","",1/(1+10^((I13-H13)/400))) -> 0.48992755 | K13: =IF(C13="","",IF(C13="Match",IF(INDEX('Match Log'!$D:$D,D13)="Win",1,IF(INDEX('Match Log'!$D:$D,D13)="Draw",0.5,0)),IF(C13="Tournament",INDEX('Tournament Log'!$K:$K,E13),IF(INDEX('Guest Log'!$C:$C,Q13)="Win",1,IF(INDEX('Guest Log'!$C:$C,Q13)="Draw",0.5,0))))) -> 1 | L13: =IF(C13="","",IF(C13="Match",32,IF(C13="Tournament",MIN(32*INDEX('Tournament Log'!$D:$D,E13),96),32))) -> 32 | M13: =IF(C13="","",ROUND(L13*(K13-J13),0)) -> 16 | N13: =IF(C13="","",H13+M13) -> 1038 | O13: =IF(C13="","",IF(C13="Match",I13-M13,"")) -> 1013 | P13: =IF(C13="Tournament",INDEX('Tournament Log'!$B:$B,E13),IF(C13="Guest","Guest: "&INDEX('Guest Log'!$H:$H,Q13),"")) | Q13: =IFERROR(MATCH($A13,'Guest Log'!$L$4:$L$203,0)+3,"")
A14: =13 -> 13 | B14: =IF(C14="","",IF(C14="Match",INDEX('Match Log'!$A:$A,D14),IF(C14="Tournament",INDEX('Tournament Log'!$A:$A,E14),INDEX('Guest Log'!$A:$A,Q14)))) -> 46205 | C14: =IF(D14<>"","Match",IF(E14<>"","Tournament",IF(Q14<>"","Guest",""))) -> Match | D14: =IFERROR(MATCH($A14,'Match Log'!$K$3:$K$501,0)+2,"") -> 12 | E14: =IFERROR(MATCH($A14,'Tournament Log'!$O$4:$O$203,0)+3,"") | F14: =IF(C14="","",IF(C14="Match",INDEX('Match Log'!$B:$B,D14),IF(C14="Tournament",INDEX('Tournament Log'!$C:$C,E14),INDEX('Guest Log'!$B:$B,Q14)))) -> Andrew | G14: =IF(C14="","",IF(C14="Match",INDEX('Match Log'!$C:$C,D14),IF(C14="Tournament",INDEX('Tournament Log'!$B:$B,E14)&" (Phantom)",INDEX('Guest Log'!$H:$H,Q14)&" (Guest)"))) -> Brett | H14: {=IF(C14="","",IFERROR(LOOKUP(2,1/(($F$1:F13=F14)+($G$1:G13=F14)),IF($F$1:F13=F14,$N$1:N13,$O$1:O13)),1000))} -> 958 | I14: {=IF(C14="","",IF(C14="Tournament",INDEX('Tournament Log'!$J:$J,E14),IF(C14="Guest",IF(INDEX('Guest Log'!$I:$I,Q14)="",1000,INDEX('Guest Log'!$I:$I,Q14)),IFERROR(LOOKUP(2,1/(($F$1:F13=G14)+($G$1:G13=G14)),IF($F$1:F13=G14,$N$1:N13,$O$1:O13)),1000))))} -> 969 | J14: =IF(C14="","",1/(1+10^((I14-H14)/400))) -> 0.48417501 | K14: =IF(C14="","",IF(C14="Match",IF(INDEX('Match Log'!$D:$D,D14)="Win",1,IF(INDEX('Match Log'!$D:$D,D14)="Draw",0.5,0)),IF(C14="Tournament",INDEX('Tournament Log'!$K:$K,E14),IF(INDEX('Guest Log'!$C:$C,Q14)="Win",1,IF(INDEX('Guest Log'!$C:$C,Q14)="Draw",0.5,0))))) -> 1 | L14: =IF(C14="","",IF(C14="Match",32,IF(C14="Tournament",MIN(32*INDEX('Tournament Log'!$D:$D,E14),96),32))) -> 32 | M14: =IF(C14="","",ROUND(L14*(K14-J14),0)) -> 17 | N14: =IF(C14="","",H14+M14) -> 975 | O14: =IF(C14="","",IF(C14="Match",I14-M14,"")) -> 952 | P14: =IF(C14="Tournament",INDEX('Tournament Log'!$B:$B,E14),IF(C14="Guest","Guest: "&INDEX('Guest Log'!$H:$H,Q14),"")) | Q14: =IFERROR(MATCH($A14,'Guest Log'!$L$4:$L$203,0)+3,"")
A15: =14 -> 14 | B15: =IF(C15="","",IF(C15="Match",INDEX('Match Log'!$A:$A,D15),IF(C15="Tournament",INDEX('Tournament Log'!$A:$A,E15),INDEX('Guest Log'!$A:$A,Q15)))) -> 46209 | C15: =IF(D15<>"","Match",IF(E15<>"","Tournament",IF(Q15<>"","Guest",""))) -> Match | D15: =IFERROR(MATCH($A15,'Match Log'!$K$3:$K$501,0)+2,"") -> 13 | E15: =IFERROR(MATCH($A15,'Tournament Log'!$O$4:$O$203,0)+3,"") | F15: =IF(C15="","",IF(C15="Match",INDEX('Match Log'!$B:$B,D15),IF(C15="Tournament",INDEX('Tournament Log'!$C:$C,E15),INDEX('Guest Log'!$B:$B,Q15)))) -> Colin | G15: =IF(C15="","",IF(C15="Match",INDEX('Match Log'!$C:$C,D15),IF(C15="Tournament",INDEX('Tournament Log'!$B:$B,E15)&" (Phantom)",INDEX('Guest Log'!$H:$H,Q15)&" (Guest)"))) -> Miles | H15: {=IF(C15="","",IFERROR(LOOKUP(2,1/(($F$1:F14=F15)+($G$1:G14=F15)),IF($F$1:F14=F15,$N$1:N14,$O$1:O14)),1000))} -> 1013 | I15: {=IF(C15="","",IF(C15="Tournament",INDEX('Tournament Log'!$J:$J,E15),IF(C15="Guest",IF(INDEX('Guest Log'!$I:$I,Q15)="",1000,INDEX('Guest Log'!$I:$I,Q15)),IFERROR(LOOKUP(2,1/(($F$1:F14=G15)+($G$1:G14=G15)),IF($F$1:F14=G15,$N$1:N14,$O$1:O14)),1000))))} -> 1016 | J15: =IF(C15="","",1/(1+10^((I15-H15)/400))) -> 0.49568276 | K15: =IF(C15="","",IF(C15="Match",IF(INDEX('Match Log'!$D:$D,D15)="Win",1,IF(INDEX('Match Log'!$D:$D,D15)="Draw",0.5,0)),IF(C15="Tournament",INDEX('Tournament Log'!$K:$K,E15),IF(INDEX('Guest Log'!$C:$C,Q15)="Win",1,IF(INDEX('Guest Log'!$C:$C,Q15)="Draw",0.5,0))))) -> 0 | L15: =IF(C15="","",IF(C15="Match",32,IF(C15="Tournament",MIN(32*INDEX('Tournament Log'!$D:$D,E15),96),32))) -> 32 | M15: =IF(C15="","",ROUND(L15*(K15-J15),0)) -> -16 | N15: =IF(C15="","",H15+M15) -> 997 | O15: =IF(C15="","",IF(C15="Match",I15-M15,"")) -> 1032 | P15: =IF(C15="Tournament",INDEX('Tournament Log'!$B:$B,E15),IF(C15="Guest","Guest: "&INDEX('Guest Log'!$H:$H,Q15),"")) | Q15: =IFERROR(MATCH($A15,'Guest Log'!$L$4:$L$203,0)+3,"")
A16: =15 -> 15 | B16: =IF(C16="","",IF(C16="Match",INDEX('Match Log'!$A:$A,D16),IF(C16="Tournament",INDEX('Tournament Log'!$A:$A,E16),INDEX('Guest Log'!$A:$A,Q16)))) -> 46210 | C16: =IF(D16<>"","Match",IF(E16<>"","Tournament",IF(Q16<>"","Guest",""))) -> Match | D16: =IFERROR(MATCH($A16,'Match Log'!$K$3:$K$501,0)+2,"") -> 14 | E16: =IFERROR(MATCH($A16,'Tournament Log'!$O$4:$O$203,0)+3,"") | F16: =IF(C16="","",IF(C16="Match",INDEX('Match Log'!$B:$B,D16),IF(C16="Tournament",INDEX('Tournament Log'!$C:$C,E16),INDEX('Guest Log'!$B:$B,Q16)))) -> Andrew | G16: =IF(C16="","",IF(C16="Match",INDEX('Match Log'!$C:$C,D16),IF(C16="Tournament",INDEX('Tournament Log'!$B:$B,E16)&" (Phantom)",INDEX('Guest Log'!$H:$H,Q16)&" (Guest)"))) -> Colin | H16: {=IF(C16="","",IFERROR(LOOKUP(2,1/(($F$1:F15=F16)+($G$1:G15=F16)),IF($F$1:F15=F16,$N$1:N15,$O$1:O15)),1000))} -> 975 | I16: {=IF(C16="","",IF(C16="Tournament",INDEX('Tournament Log'!$J:$J,E16),IF(C16="Guest",IF(INDEX('Guest Log'!$I:$I,Q16)="",1000,INDEX('Guest Log'!$I:$I,Q16)),IFERROR(LOOKUP(2,1/(($F$1:F15=G16)+($G$1:G15=G16)),IF($F$1:F15=G16,$N$1:N15,$O$1:O15)),1000))))} -> 997 | J16: =IF(C16="","",1/(1+10^((I16-H16)/400))) -> 0.4683817 | K16: =IF(C16="","",IF(C16="Match",IF(INDEX('Match Log'!$D:$D,D16)="Win",1,IF(INDEX('Match Log'!$D:$D,D16)="Draw",0.5,0)),IF(C16="Tournament",INDEX('Tournament Log'!$K:$K,E16),IF(INDEX('Guest Log'!$C:$C,Q16)="Win",1,IF(INDEX('Guest Log'!$C:$C,Q16)="Draw",0.5,0))))) -> 0 | L16: =IF(C16="","",IF(C16="Match",32,IF(C16="Tournament",MIN(32*INDEX('Tournament Log'!$D:$D,E16),96),32))) -> 32 | M16: =IF(C16="","",ROUND(L16*(K16-J16),0)) -> -15 | N16: =IF(C16="","",H16+M16) -> 960 | O16: =IF(C16="","",IF(C16="Match",I16-M16,"")) -> 1012 | P16: =IF(C16="Tournament",INDEX('Tournament Log'!$B:$B,E16),IF(C16="Guest","Guest: "&INDEX('Guest Log'!$H:$H,Q16),"")) | Q16: =IFERROR(MATCH($A16,'Guest Log'!$L$4:$L$203,0)+3,"")
A17: =16 -> 16 | B17: =IF(C17="","",IF(C17="Match",INDEX('Match Log'!$A:$A,D17),IF(C17="Tournament",INDEX('Tournament Log'!$A:$A,E17),INDEX('Guest Log'!$A:$A,Q17)))) -> 46212 | C17: =IF(D17<>"","Match",IF(E17<>"","Tournament",IF(Q17<>"","Guest",""))) -> Match | D17: =IFERROR(MATCH($A17,'Match Log'!$K$3:$K$501,0)+2,"") -> 15 | E17: =IFERROR(MATCH($A17,'Tournament Log'!$O$4:$O$203,0)+3,"") | F17: =IF(C17="","",IF(C17="Match",INDEX('Match Log'!$B:$B,D17),IF(C17="Tournament",INDEX('Tournament Log'!$C:$C,E17),INDEX('Guest Log'!$B:$B,Q17)))) -> John | G17: =IF(C17="","",IF(C17="Match",INDEX('Match Log'!$C:$C,D17),IF(C17="Tournament",INDEX('Tournament Log'!$B:$B,E17)&" (Phantom)",INDEX('Guest Log'!$H:$H,Q17)&" (Guest)"))) -> Andrew | H17: {=IF(C17="","",IFERROR(LOOKUP(2,1/(($F$1:F16=F17)+($G$1:G16=F17)),IF($F$1:F16=F17,$N$1:N16,$O$1:O16)),1000))} -> 1038 | I17: {=IF(C17="","",IF(C17="Tournament",INDEX('Tournament Log'!$J:$J,E17),IF(C17="Guest",IF(INDEX('Guest Log'!$I:$I,Q17)="",1000,INDEX('Guest Log'!$I:$I,Q17)),IFERROR(LOOKUP(2,1/(($F$1:F16=G17)+($G$1:G16=G17)),IF($F$1:F16=G17,$N$1:N16,$O$1:O16)),1000))))} -> 1000 | J17: =IF(C17="","",1/(1+10^((I17-H17)/400))) -> 0.55446937 | K17: =IF(C17="","",IF(C17="Match",IF(INDEX('Match Log'!$D:$D,D17)="Win",1,IF(INDEX('Match Log'!$D:$D,D17)="Draw",0.5,0)),IF(C17="Tournament",INDEX('Tournament Log'!$K:$K,E17),IF(INDEX('Guest Log'!$C:$C,Q17)="Win",1,IF(INDEX('Guest Log'!$C:$C,Q17)="Draw",0.5,0))))) -> 1 | L17: =IF(C17="","",IF(C17="Match",32,IF(C17="Tournament",MIN(32*INDEX('Tournament Log'!$D:$D,E17),96),32))) -> 32 | M17: =IF(C17="","",ROUND(L17*(K17-J17),0)) -> 14 | N17: =IF(C17="","",H17+M17) -> 1052 | O17: =IF(C17="","",IF(C17="Match",I17-M17,"")) -> 986 | P17: =IF(C17="Tournament",INDEX('Tournament Log'!$B:$B,E17),IF(C17="Guest","Guest: "&INDEX('Guest Log'!$H:$H,Q17),"")) | Q17: =IFERROR(MATCH($A17,'Guest Log'!$L$4:$L$203,0)+3,"")
A18: =17 -> 17 | B18: =IF(C18="","",IF(C18="Match",INDEX('Match Log'!$A:$A,D18),IF(C18="Tournament",INDEX('Tournament Log'!$A:$A,E18),INDEX('Guest Log'!$A:$A,Q18)))) -> 46221 | C18: =IF(D18<>"","Match",IF(E18<>"","Tournament",IF(Q18<>"","Guest",""))) -> Match | D18: =IFERROR(MATCH($A18,'Match Log'!$K$3:$K$501,0)+2,"") -> 16 | E18: =IFERROR(MATCH($A18,'Tournament Log'!$O$4:$O$203,0)+3,"") | F18: =IF(C18="","",IF(C18="Match",INDEX('Match Log'!$B:$B,D18),IF(C18="Tournament",INDEX('Tournament Log'!$C:$C,E18),INDEX('Guest Log'!$B:$B,Q18)))) -> Allan | G18: =IF(C18="","",IF(C18="Match",INDEX('Match Log'!$C:$C,D18),IF(C18="Tournament",INDEX('Tournament Log'!$B:$B,E18)&" (Phantom)",INDEX('Guest Log'!$H:$H,Q18)&" (Guest)"))) -> Colin | H18: {=IF(C18="","",IFERROR(LOOKUP(2,1/(($F$1:F17=F18)+($G$1:G17=F18)),IF($F$1:F17=F18,$N$1:N17,$O$1:O17)),1000))} -> 1000 | I18: {=IF(C18="","",IF(C18="Tournament",INDEX('Tournament Log'!$J:$J,E18),IF(C18="Guest",IF(INDEX('Guest Log'!$I:$I,Q18)="",1000,INDEX('Guest Log'!$I:$I,Q18)),IFERROR(LOOKUP(2,1/(($F$1:F17=G18)+($G$1:G17=G18)),IF($F$1:F17=G18,$N$1:N17,$O$1:O17)),1000))))} -> 1012 | J18: =IF(C18="","",1/(1+10^((I18-H18)/400))) -> 0.48273748 | K18: =IF(C18="","",IF(C18="Match",IF(INDEX('Match Log'!$D:$D,D18)="Win",1,IF(INDEX('Match Log'!$D:$D,D18)="Draw",0.5,0)),IF(C18="Tournament",INDEX('Tournament Log'!$K:$K,E18),IF(INDEX('Guest Log'!$C:$C,Q18)="Win",1,IF(INDEX('Guest Log'!$C:$C,Q18)="Draw",0.5,0))))) -> 1 | L18: =IF(C18="","",IF(C18="Match",32,IF(C18="Tournament",MIN(32*INDEX('Tournament Log'!$D:$D,E18),96),32))) -> 32 | M18: =IF(C18="","",ROUND(L18*(K18-J18),0)) -> 17 | N18: =IF(C18="","",H18+M18) -> 1017 | O18: =IF(C18="","",IF(C18="Match",I18-M18,"")) -> 995 | P18: =IF(C18="Tournament",INDEX('Tournament Log'!$B:$B,E18),IF(C18="Guest","Guest: "&INDEX('Guest Log'!$H:$H,Q18),"")) | Q18: =IFERROR(MATCH($A18,'Guest Log'!$L$4:$L$203,0)+3,"")
A19: =18 -> 18 | B19: =IF(C19="","",IF(C19="Match",INDEX('Match Log'!$A:$A,D19),IF(C19="Tournament",INDEX('Tournament Log'!$A:$A,E19),INDEX('Guest Log'!$A:$A,Q19)))) -> 46223 | C19: =IF(D19<>"","Match",IF(E19<>"","Tournament",IF(Q19<>"","Guest",""))) -> Match | D19: =IFERROR(MATCH($A19,'Match Log'!$K$3:$K$501,0)+2,"") -> 17 | E19: =IFERROR(MATCH($A19,'Tournament Log'!$O$4:$O$203,0)+3,"") | F19: =IF(C19="","",IF(C19="Match",INDEX('Match Log'!$B:$B,D19),IF(C19="Tournament",INDEX('Tournament Log'!$C:$C,E19),INDEX('Guest Log'!$B:$B,Q19)))) -> Brett | G19: =IF(C19="","",IF(C19="Match",INDEX('Match Log'!$C:$C,D19),IF(C19="Tournament",INDEX('Tournament Log'!$B:$B,E19)&" (Phantom)",INDEX('Guest Log'!$H:$H,Q19)&" (Guest)"))) -> Colin | H19: {=IF(C19="","",IFERROR(LOOKUP(2,1/(($F$1:F18=F19)+($G$1:G18=F19)),IF($F$1:F18=F19,$N$1:N18,$O$1:O18)),1000))} -> 952 | I19: {=IF(C19="","",IF(C19="Tournament",INDEX('Tournament Log'!$J:$J,E19),IF(C19="Guest",IF(INDEX('Guest Log'!$I:$I,Q19)="",1000,INDEX('Guest Log'!$I:$I,Q19)),IFERROR(LOOKUP(2,1/(($F$1:F18=G19)+($G$1:G18=G19)),IF($F$1:F18=G19,$N$1:N18,$O$1:O18)),1000))))} -> 995 | J19: =IF(C19="","",1/(1+10^((I19-H19)/400))) -> 0.43843206 | K19: =IF(C19="","",IF(C19="Match",IF(INDEX('Match Log'!$D:$D,D19)="Win",1,IF(INDEX('Match Log'!$D:$D,D19)="Draw",0.5,0)),IF(C19="Tournament",INDEX('Tournament Log'!$K:$K,E19),IF(INDEX('Guest Log'!$C:$C,Q19)="Win",1,IF(INDEX('Guest Log'!$C:$C,Q19)="Draw",0.5,0))))) -> 1 | L19: =IF(C19="","",IF(C19="Match",32,IF(C19="Tournament",MIN(32*INDEX('Tournament Log'!$D:$D,E19),96),32))) -> 32 | M19: =IF(C19="","",ROUND(L19*(K19-J19),0)) -> 18 | N19: =IF(C19="","",H19+M19) -> 970 | O19: =IF(C19="","",IF(C19="Match",I19-M19,"")) -> 977 | P19: =IF(C19="Tournament",INDEX('Tournament Log'!$B:$B,E19),IF(C19="Guest","Guest: "&INDEX('Guest Log'!$H:$H,Q19),"")) | Q19: =IFERROR(MATCH($A19,'Guest Log'!$L$4:$L$203,0)+3,"")
A20: =19 -> 19 | B20: =IF(C20="","",IF(C20="Match",INDEX('Match Log'!$A:$A,D20),IF(C20="Tournament",INDEX('Tournament Log'!$A:$A,E20),INDEX('Guest Log'!$A:$A,Q20)))) -> 46224 | C20: =IF(D20<>"","Match",IF(E20<>"","Tournament",IF(Q20<>"","Guest",""))) -> Match | D20: =IFERROR(MATCH($A20,'Match Log'!$K$3:$K$501,0)+2,"") -> 18 | E20: =IFERROR(MATCH($A20,'Tournament Log'!$O$4:$O$203,0)+3,"") | F20: =IF(C20="","",IF(C20="Match",INDEX('Match Log'!$B:$B,D20),IF(C20="Tournament",INDEX('Tournament Log'!$C:$C,E20),INDEX('Guest Log'!$B:$B,Q20)))) -> Andrew | G20: =IF(C20="","",IF(C20="Match",INDEX('Match Log'!$C:$C,D20),IF(C20="Tournament",INDEX('Tournament Log'!$B:$B,E20)&" (Phantom)",INDEX('Guest Log'!$H:$H,Q20)&" (Guest)"))) -> Colin | H20: {=IF(C20="","",IFERROR(LOOKUP(2,1/(($F$1:F19=F20)+($G$1:G19=F20)),IF($F$1:F19=F20,$N$1:N19,$O$1:O19)),1000))} -> 960 | I20: {=IF(C20="","",IF(C20="Tournament",INDEX('Tournament Log'!$J:$J,E20),IF(C20="Guest",IF(INDEX('Guest Log'!$I:$I,Q20)="",1000,INDEX('Guest Log'!$I:$I,Q20)),IFERROR(LOOKUP(2,1/(($F$1:F19=G20)+($G$1:G19=G20)),IF($F$1:F19=G20,$N$1:N19,$O$1:O19)),1000))))} -> 977 | J20: =IF(C20="","",1/(1+10^((I20-H20)/400))) -> 0.47555454 | K20: =IF(C20="","",IF(C20="Match",IF(INDEX('Match Log'!$D:$D,D20)="Win",1,IF(INDEX('Match Log'!$D:$D,D20)="Draw",0.5,0)),IF(C20="Tournament",INDEX('Tournament Log'!$K:$K,E20),IF(INDEX('Guest Log'!$C:$C,Q20)="Win",1,IF(INDEX('Guest Log'!$C:$C,Q20)="Draw",0.5,0))))) -> 1 | L20: =IF(C20="","",IF(C20="Match",32,IF(C20="Tournament",MIN(32*INDEX('Tournament Log'!$D:$D,E20),96),32))) -> 32 | M20: =IF(C20="","",ROUND(L20*(K20-J20),0)) -> 17 | N20: =IF(C20="","",H20+M20) -> 977 | O20: =IF(C20="","",IF(C20="Match",I20-M20,"")) -> 960 | P20: =IF(C20="Tournament",INDEX('Tournament Log'!$B:$B,E20),IF(C20="Guest","Guest: "&INDEX('Guest Log'!$H:$H,Q20),"")) | Q20: =IFERROR(MATCH($A20,'Guest Log'!$L$4:$L$203,0)+3,"")
A21: =20 -> 20 | B21: =IF(C21="","",IF(C21="Match",INDEX('Match Log'!$A:$A,D21),IF(C21="Tournament",INDEX('Tournament Log'!$A:$A,E21),INDEX('Guest Log'!$A:$A,Q21)))) -> 46225 | C21: =IF(D21<>"","Match",IF(E21<>"","Tournament",IF(Q21<>"","Guest",""))) -> Match | D21: =IFERROR(MATCH($A21,'Match Log'!$K$3:$K$501,0)+2,"") -> 19 | E21: =IFERROR(MATCH($A21,'Tournament Log'!$O$4:$O$203,0)+3,"") | F21: =IF(C21="","",IF(C21="Match",INDEX('Match Log'!$B:$B,D21),IF(C21="Tournament",INDEX('Tournament Log'!$C:$C,E21),INDEX('Guest Log'!$B:$B,Q21)))) -> Ryan | G21: =IF(C21="","",IF(C21="Match",INDEX('Match Log'!$C:$C,D21),IF(C21="Tournament",INDEX('Tournament Log'!$B:$B,E21)&" (Phantom)",INDEX('Guest Log'!$H:$H,Q21)&" (Guest)"))) -> Kev | H21: {=IF(C21="","",IFERROR(LOOKUP(2,1/(($F$1:F20=F21)+($G$1:G20=F21)),IF($F$1:F20=F21,$N$1:N20,$O$1:O20)),1000))} -> 1000 | I21: {=IF(C21="","",IF(C21="Tournament",INDEX('Tournament Log'!$J:$J,E21),IF(C21="Guest",IF(INDEX('Guest Log'!$I:$I,Q21)="",1000,INDEX('Guest Log'!$I:$I,Q21)),IFERROR(LOOKUP(2,1/(($F$1:F20=G21)+($G$1:G20=G21)),IF($F$1:F20=G21,$N$1:N20,$O$1:O20)),1000))))} -> 1000 | J21: =IF(C21="","",1/(1+10^((I21-H21)/400))) -> 0.5 | K21: =IF(C21="","",IF(C21="Match",IF(INDEX('Match Log'!$D:$D,D21)="Win",1,IF(INDEX('Match Log'!$D:$D,D21)="Draw",0.5,0)),IF(C21="Tournament",INDEX('Tournament Log'!$K:$K,E21),IF(INDEX('Guest Log'!$C:$C,Q21)="Win",1,IF(INDEX('Guest Log'!$C:$C,Q21)="Draw",0.5,0))))) -> 1 | L21: =IF(C21="","",IF(C21="Match",32,IF(C21="Tournament",MIN(32*INDEX('Tournament Log'!$D:$D,E21),96),32))) -> 32 | M21: =IF(C21="","",ROUND(L21*(K21-J21),0)) -> 16 | N21: =IF(C21="","",H21+M21) -> 1016 | O21: =IF(C21="","",IF(C21="Match",I21-M21,"")) -> 984 | P21: =IF(C21="Tournament",INDEX('Tournament Log'!$B:$B,E21),IF(C21="Guest","Guest: "&INDEX('Guest Log'!$H:$H,Q21),"")) | Q21: =IFERROR(MATCH($A21,'Guest Log'!$L$4:$L$203,0)+3,"")
A22: =21 -> 21 | B22: =IF(C22="","",IF(C22="Match",INDEX('Match Log'!$A:$A,D22),IF(C22="Tournament",INDEX('Tournament Log'!$A:$A,E22),INDEX('Guest Log'!$A:$A,Q22)))) -> 46225 | C22: =IF(D22<>"","Match",IF(E22<>"","Tournament",IF(Q22<>"","Guest",""))) -> Match | D22: =IFERROR(MATCH($A22,'Match Log'!$K$3:$K$501,0)+2,"") -> 20 | E22: =IFERROR(MATCH($A22,'Tournament Log'!$O$4:$O$203,0)+3,"") | F22: =IF(C22="","",IF(C22="Match",INDEX('Match Log'!$B:$B,D22),IF(C22="Tournament",INDEX('Tournament Log'!$C:$C,E22),INDEX('Guest Log'!$B:$B,Q22)))) -> John | G22: =IF(C22="","",IF(C22="Match",INDEX('Match Log'!$C:$C,D22),IF(C22="Tournament",INDEX('Tournament Log'!$B:$B,E22)&" (Phantom)",INDEX('Guest Log'!$H:$H,Q22)&" (Guest)"))) -> Colin | H22: {=IF(C22="","",IFERROR(LOOKUP(2,1/(($F$1:F21=F22)+($G$1:G21=F22)),IF($F$1:F21=F22,$N$1:N21,$O$1:O21)),1000))} -> 1052 | I22: {=IF(C22="","",IF(C22="Tournament",INDEX('Tournament Log'!$J:$J,E22),IF(C22="Guest",IF(INDEX('Guest Log'!$I:$I,Q22)="",1000,INDEX('Guest Log'!$I:$I,Q22)),IFERROR(LOOKUP(2,1/(($F$1:F21=G22)+($G$1:G21=G22)),IF($F$1:F21=G22,$N$1:N21,$O$1:O21)),1000))))} -> 960 | J22: =IF(C22="","",1/(1+10^((I22-H22)/400))) -> 0.62938855 | K22: =IF(C22="","",IF(C22="Match",IF(INDEX('Match Log'!$D:$D,D22)="Win",1,IF(INDEX('Match Log'!$D:$D,D22)="Draw",0.5,0)),IF(C22="Tournament",INDEX('Tournament Log'!$K:$K,E22),IF(INDEX('Guest Log'!$C:$C,Q22)="Win",1,IF(INDEX('Guest Log'!$C:$C,Q22)="Draw",0.5,0))))) -> 0.5 | L22: =IF(C22="","",IF(C22="Match",32,IF(C22="Tournament",MIN(32*INDEX('Tournament Log'!$D:$D,E22),96),32))) -> 32 | M22: =IF(C22="","",ROUND(L22*(K22-J22),0)) -> -4 | N22: =IF(C22="","",H22+M22) -> 1048 | O22: =IF(C22="","",IF(C22="Match",I22-M22,"")) -> 964 | P22: =IF(C22="Tournament",INDEX('Tournament Log'!$B:$B,E22),IF(C22="Guest","Guest: "&INDEX('Guest Log'!$H:$H,Q22),"")) | Q22: =IFERROR(MATCH($A22,'Guest Log'!$L$4:$L$203,0)+3,"")
A23: =22 -> 22 | B23: =IF(C23="","",IF(C23="Match",INDEX('Match Log'!$A:$A,D23),IF(C23="Tournament",INDEX('Tournament Log'!$A:$A,E23),INDEX('Guest Log'!$A:$A,Q23)))) -> 46227 | C23: =IF(D23<>"","Match",IF(E23<>"","Tournament",IF(Q23<>"","Guest",""))) -> Match | D23: =IFERROR(MATCH($A23,'Match Log'!$K$3:$K$501,0)+2,"") -> 21 | E23: =IFERROR(MATCH($A23,'Tournament Log'!$O$4:$O$203,0)+3,"") | F23: =IF(C23="","",IF(C23="Match",INDEX('Match Log'!$B:$B,D23),IF(C23="Tournament",INDEX('Tournament Log'!$C:$C,E23),INDEX('Guest Log'!$B:$B,Q23)))) -> Pete | G23: =IF(C23="","",IF(C23="Match",INDEX('Match Log'!$C:$C,D23),IF(C23="Tournament",INDEX('Tournament Log'!$B:$B,E23)&" (Phantom)",INDEX('Guest Log'!$H:$H,Q23)&" (Guest)"))) -> Kev | H23: {=IF(C23="","",IFERROR(LOOKUP(2,1/(($F$1:F22=F23)+($G$1:G22=F23)),IF($F$1:F22=F23,$N$1:N22,$O$1:O22)),1000))} -> 1000 | I23: {=IF(C23="","",IF(C23="Tournament",INDEX('Tournament Log'!$J:$J,E23),IF(C23="Guest",IF(INDEX('Guest Log'!$I:$I,Q23)="",1000,INDEX('Guest Log'!$I:$I,Q23)),IFERROR(LOOKUP(2,1/(($F$1:F22=G23)+($G$1:G22=G23)),IF($F$1:F22=G23,$N$1:N22,$O$1:O22)),1000))))} -> 984 | J23: =IF(C23="","",1/(1+10^((I23-H23)/400))) -> 0.52300959 | K23: =IF(C23="","",IF(C23="Match",IF(INDEX('Match Log'!$D:$D,D23)="Win",1,IF(INDEX('Match Log'!$D:$D,D23)="Draw",0.5,0)),IF(C23="Tournament",INDEX('Tournament Log'!$K:$K,E23),IF(INDEX('Guest Log'!$C:$C,Q23)="Win",1,IF(INDEX('Guest Log'!$C:$C,Q23)="Draw",0.5,0))))) -> 1 | L23: =IF(C23="","",IF(C23="Match",32,IF(C23="Tournament",MIN(32*INDEX('Tournament Log'!$D:$D,E23),96),32))) -> 32 | M23: =IF(C23="","",ROUND(L23*(K23-J23),0)) -> 15 | N23: =IF(C23="","",H23+M23) -> 1015 | O23: =IF(C23="","",IF(C23="Match",I23-M23,"")) -> 969 | P23: =IF(C23="Tournament",INDEX('Tournament Log'!$B:$B,E23),IF(C23="Guest","Guest: "&INDEX('Guest Log'!$H:$H,Q23),"")) | Q23: =IFERROR(MATCH($A23,'Guest Log'!$L$4:$L$203,0)+3,"")
A24: =23 -> 23 | B24: =IF(C24="","",IF(C24="Match",INDEX('Match Log'!$A:$A,D24),IF(C24="Tournament",INDEX('Tournament Log'!$A:$A,E24),INDEX('Guest Log'!$A:$A,Q24)))) -> 46231 | C24: =IF(D24<>"","Match",IF(E24<>"","Tournament",IF(Q24<>"","Guest",""))) -> Match | D24: =IFERROR(MATCH($A24,'Match Log'!$K$3:$K$501,0)+2,"") -> 22 | E24: =IFERROR(MATCH($A24,'Tournament Log'!$O$4:$O$203,0)+3,"") | F24: =IF(C24="","",IF(C24="Match",INDEX('Match Log'!$B:$B,D24),IF(C24="Tournament",INDEX('Tournament Log'!$C:$C,E24),INDEX('Guest Log'!$B:$B,Q24)))) -> Andrew | G24: =IF(C24="","",IF(C24="Match",INDEX('Match Log'!$C:$C,D24),IF(C24="Tournament",INDEX('Tournament Log'!$B:$B,E24)&" (Phantom)",INDEX('Guest Log'!$H:$H,Q24)&" (Guest)"))) -> Miles | H24: {=IF(C24="","",IFERROR(LOOKUP(2,1/(($F$1:F23=F24)+($G$1:G23=F24)),IF($F$1:F23=F24,$N$1:N23,$O$1:O23)),1000))} -> 977 | I24: {=IF(C24="","",IF(C24="Tournament",INDEX('Tournament Log'!$J:$J,E24),IF(C24="Guest",IF(INDEX('Guest Log'!$I:$I,Q24)="",1000,INDEX('Guest Log'!$I:$I,Q24)),IFERROR(LOOKUP(2,1/(($F$1:F23=G24)+($G$1:G23=G24)),IF($F$1:F23=G24,$N$1:N23,$O$1:O23)),1000))))} -> 1032 | J24: =IF(C24="","",1/(1+10^((I24-H24)/400))) -> 0.42150325 | K24: =IF(C24="","",IF(C24="Match",IF(INDEX('Match Log'!$D:$D,D24)="Win",1,IF(INDEX('Match Log'!$D:$D,D24)="Draw",0.5,0)),IF(C24="Tournament",INDEX('Tournament Log'!$K:$K,E24),IF(INDEX('Guest Log'!$C:$C,Q24)="Win",1,IF(INDEX('Guest Log'!$C:$C,Q24)="Draw",0.5,0))))) -> 1 | L24: =IF(C24="","",IF(C24="Match",32,IF(C24="Tournament",MIN(32*INDEX('Tournament Log'!$D:$D,E24),96),32))) -> 32 | M24: =IF(C24="","",ROUND(L24*(K24-J24),0)) -> 19 | N24: =IF(C24="","",H24+M24) -> 996 | O24: =IF(C24="","",IF(C24="Match",I24-M24,"")) -> 1013 | P24: =IF(C24="Tournament",INDEX('Tournament Log'!$B:$B,E24),IF(C24="Guest","Guest: "&INDEX('Guest Log'!$H:$H,Q24),"")) | Q24: =IFERROR(MATCH($A24,'Guest Log'!$L$4:$L$203,0)+3,"")
A25: =24 -> 24 | B25: =IF(C25="","",IF(C25="Match",INDEX('Match Log'!$A:$A,D25),IF(C25="Tournament",INDEX('Tournament Log'!$A:$A,E25),INDEX('Guest Log'!$A:$A,Q25)))) -> 46237 | C25: =IF(D25<>"","Match",IF(E25<>"","Tournament",IF(Q25<>"","Guest",""))) -> Match | D25: =IFERROR(MATCH($A25,'Match Log'!$K$3:$K$501,0)+2,"") -> 23 | E25: =IFERROR(MATCH($A25,'Tournament Log'!$O$4:$O$203,0)+3,"") | F25: =IF(C25="","",IF(C25="Match",INDEX('Match Log'!$B:$B,D25),IF(C25="Tournament",INDEX('Tournament Log'!$C:$C,E25),INDEX('Guest Log'!$B:$B,Q25)))) -> Andrew | G25: =IF(C25="","",IF(C25="Match",INDEX('Match Log'!$C:$C,D25),IF(C25="Tournament",INDEX('Tournament Log'!$B:$B,E25)&" (Phantom)",INDEX('Guest Log'!$H:$H,Q25)&" (Guest)"))) -> Colin | H25: {=IF(C25="","",IFERROR(LOOKUP(2,1/(($F$1:F24=F25)+($G$1:G24=F25)),IF($F$1:F24=F25,$N$1:N24,$O$1:O24)),1000))} -> 996 | I25: {=IF(C25="","",IF(C25="Tournament",INDEX('Tournament Log'!$J:$J,E25),IF(C25="Guest",IF(INDEX('Guest Log'!$I:$I,Q25)="",1000,INDEX('Guest Log'!$I:$I,Q25)),IFERROR(LOOKUP(2,1/(($F$1:F24=G25)+($G$1:G24=G25)),IF($F$1:F24=G25,$N$1:N24,$O$1:O24)),1000))))} -> 964 | J25: =IF(C25="","",1/(1+10^((I25-H25)/400))) -> 0.54592192 | K25: =IF(C25="","",IF(C25="Match",IF(INDEX('Match Log'!$D:$D,D25)="Win",1,IF(INDEX('Match Log'!$D:$D,D25)="Draw",0.5,0)),IF(C25="Tournament",INDEX('Tournament Log'!$K:$K,E25),IF(INDEX('Guest Log'!$C:$C,Q25)="Win",1,IF(INDEX('Guest Log'!$C:$C,Q25)="Draw",0.5,0))))) -> 1 | L25: =IF(C25="","",IF(C25="Match",32,IF(C25="Tournament",MIN(32*INDEX('Tournament Log'!$D:$D,E25),96),32))) -> 32 | M25: =IF(C25="","",ROUND(L25*(K25-J25),0)) -> 15 | N25: =IF(C25="","",H25+M25) -> 1011 | O25: =IF(C25="","",IF(C25="Match",I25-M25,"")) -> 949 | P25: =IF(C25="Tournament",INDEX('Tournament Log'!$B:$B,E25),IF(C25="Guest","Guest: "&INDEX('Guest Log'!$H:$H,Q25),"")) | Q25: =IFERROR(MATCH($A25,'Guest Log'!$L$4:$L$203,0)+3,"")
A26: =25 -> 25 | B26: =IF(C26="","",IF(C26="Match",INDEX('Match Log'!$A:$A,D26),IF(C26="Tournament",INDEX('Tournament Log'!$A:$A,E26),INDEX('Guest Log'!$A:$A,Q26)))) -> 46239 | C26: =IF(D26<>"","Match",IF(E26<>"","Tournament",IF(Q26<>"","Guest",""))) -> Match | D26: =IFERROR(MATCH($A26,'Match Log'!$K$3:$K$501,0)+2,"") -> 24 | E26: =IFERROR(MATCH($A26,'Tournament Log'!$O$4:$O$203,0)+3,"") | F26: =IF(C26="","",IF(C26="Match",INDEX('Match Log'!$B:$B,D26),IF(C26="Tournament",INDEX('Tournament Log'!$C:$C,E26),INDEX('Guest Log'!$B:$B,Q26)))) -> John | G26: =IF(C26="","",IF(C26="Match",INDEX('Match Log'!$C:$C,D26),IF(C26="Tournament",INDEX('Tournament Log'!$B:$B,E26)&" (Phantom)",INDEX('Guest Log'!$H:$H,Q26)&" (Guest)"))) -> Kev | H26: {=IF(C26="","",IFERROR(LOOKUP(2,1/(($F$1:F25=F26)+($G$1:G25=F26)),IF($F$1:F25=F26,$N$1:N25,$O$1:O25)),1000))} -> 1048 | I26: {=IF(C26="","",IF(C26="Tournament",INDEX('Tournament Log'!$J:$J,E26),IF(C26="Guest",IF(INDEX('Guest Log'!$I:$I,Q26)="",1000,INDEX('Guest Log'!$I:$I,Q26)),IFERROR(LOOKUP(2,1/(($F$1:F25=G26)+($G$1:G25=G26)),IF($F$1:F25=G26,$N$1:N25,$O$1:O25)),1000))))} -> 969 | J26: =IF(C26="","",1/(1+10^((I26-H26)/400))) -> 0.6117705 | K26: =IF(C26="","",IF(C26="Match",IF(INDEX('Match Log'!$D:$D,D26)="Win",1,IF(INDEX('Match Log'!$D:$D,D26)="Draw",0.5,0)),IF(C26="Tournament",INDEX('Tournament Log'!$K:$K,E26),IF(INDEX('Guest Log'!$C:$C,Q26)="Win",1,IF(INDEX('Guest Log'!$C:$C,Q26)="Draw",0.5,0))))) -> 1 | L26: =IF(C26="","",IF(C26="Match",32,IF(C26="Tournament",MIN(32*INDEX('Tournament Log'!$D:$D,E26),96),32))) -> 32 | M26: =IF(C26="","",ROUND(L26*(K26-J26),0)) -> 12 | N26: =IF(C26="","",H26+M26) -> 1060 | O26: =IF(C26="","",IF(C26="Match",I26-M26,"")) -> 957 | P26: =IF(C26="Tournament",INDEX('Tournament Log'!$B:$B,E26),IF(C26="Guest","Guest: "&INDEX('Guest Log'!$H:$H,Q26),"")) | Q26: =IFERROR(MATCH($A26,'Guest Log'!$L$4:$L$203,0)+3,"")
A27: =26 -> 26 | B27: =IF(C27="","",IF(C27="Match",INDEX('Match Log'!$A:$A,D27),IF(C27="Tournament",INDEX('Tournament Log'!$A:$A,E27),INDEX('Guest Log'!$A:$A,Q27)))) -> 46273 | C27: =IF(D27<>"","Match",IF(E27<>"","Tournament",IF(Q27<>"","Guest",""))) -> Match | D27: =IFERROR(MATCH($A27,'Match Log'!$K$3:$K$501,0)+2,"") -> 25 | E27: =IFERROR(MATCH($A27,'Tournament Log'!$O$4:$O$203,0)+3,"") | F27: =IF(C27="","",IF(C27="Match",INDEX('Match Log'!$B:$B,D27),IF(C27="Tournament",INDEX('Tournament Log'!$C:$C,E27),INDEX('Guest Log'!$B:$B,Q27)))) -> Colin | G27: =IF(C27="","",IF(C27="Match",INDEX('Match Log'!$C:$C,D27),IF(C27="Tournament",INDEX('Tournament Log'!$B:$B,E27)&" (Phantom)",INDEX('Guest Log'!$H:$H,Q27)&" (Guest)"))) -> Miles | H27: {=IF(C27="","",IFERROR(LOOKUP(2,1/(($F$1:F26=F27)+($G$1:G26=F27)),IF($F$1:F26=F27,$N$1:N26,$O$1:O26)),1000))} -> 949 | I27: {=IF(C27="","",IF(C27="Tournament",INDEX('Tournament Log'!$J:$J,E27),IF(C27="Guest",IF(INDEX('Guest Log'!$I:$I,Q27)="",1000,INDEX('Guest Log'!$I:$I,Q27)),IFERROR(LOOKUP(2,1/(($F$1:F26=G27)+($G$1:G26=G27)),IF($F$1:F26=G27,$N$1:N26,$O$1:O26)),1000))))} -> 1013 | J27: =IF(C27="","",1/(1+10^((I27-H27)/400))) -> 0.4089244 | K27: =IF(C27="","",IF(C27="Match",IF(INDEX('Match Log'!$D:$D,D27)="Win",1,IF(INDEX('Match Log'!$D:$D,D27)="Draw",0.5,0)),IF(C27="Tournament",INDEX('Tournament Log'!$K:$K,E27),IF(INDEX('Guest Log'!$C:$C,Q27)="Win",1,IF(INDEX('Guest Log'!$C:$C,Q27)="Draw",0.5,0))))) -> 1 | L27: =IF(C27="","",IF(C27="Match",32,IF(C27="Tournament",MIN(32*INDEX('Tournament Log'!$D:$D,E27),96),32))) -> 32 | M27: =IF(C27="","",ROUND(L27*(K27-J27),0)) -> 19 | N27: =IF(C27="","",H27+M27) -> 968 | O27: =IF(C27="","",IF(C27="Match",I27-M27,"")) -> 994 | P27: =IF(C27="Tournament",INDEX('Tournament Log'!$B:$B,E27),IF(C27="Guest","Guest: "&INDEX('Guest Log'!$H:$H,Q27),"")) | Q27: =IFERROR(MATCH($A27,'Guest Log'!$L$4:$L$203,0)+3,"")
A28: =27 -> 27 | B28: =IF(C28="","",IF(C28="Match",INDEX('Match Log'!$A:$A,D28),IF(C28="Tournament",INDEX('Tournament Log'!$A:$A,E28),INDEX('Guest Log'!$A:$A,Q28)))) -> 46334 | C28: =IF(D28<>"","Match",IF(E28<>"","Tournament",IF(Q28<>"","Guest",""))) -> Match | D28: =IFERROR(MATCH($A28,'Match Log'!$K$3:$K$501,0)+2,"") -> 26 | E28: =IFERROR(MATCH($A28,'Tournament Log'!$O$4:$O$203,0)+3,"") | F28: =IF(C28="","",IF(C28="Match",INDEX('Match Log'!$B:$B,D28),IF(C28="Tournament",INDEX('Tournament Log'!$C:$C,E28),INDEX('Guest Log'!$B:$B,Q28)))) -> Colin | G28: =IF(C28="","",IF(C28="Match",INDEX('Match Log'!$C:$C,D28),IF(C28="Tournament",INDEX('Tournament Log'!$B:$B,E28)&" (Phantom)",INDEX('Guest Log'!$H:$H,Q28)&" (Guest)"))) -> Andrew | H28: {=IF(C28="","",IFERROR(LOOKUP(2,1/(($F$1:F27=F28)+($G$1:G27=F28)),IF($F$1:F27=F28,$N$1:N27,$O$1:O27)),1000))} -> 968 | I28: {=IF(C28="","",IF(C28="Tournament",INDEX('Tournament Log'!$J:$J,E28),IF(C28="Guest",IF(INDEX('Guest Log'!$I:$I,Q28)="",1000,INDEX('Guest Log'!$I:$I,Q28)),IFERROR(LOOKUP(2,1/(($F$1:F27=G28)+($G$1:G27=G28)),IF($F$1:F27=G28,$N$1:N27,$O$1:O27)),1000))))} -> 986 | J28: =IF(C28="","",1/(1+10^((I28-H28)/400))) -> 0.47411907 | K28: =IF(C28="","",IF(C28="Match",IF(INDEX('Match Log'!$D:$D,D28)="Win",1,IF(INDEX('Match Log'!$D:$D,D28)="Draw",0.5,0)),IF(C28="Tournament",INDEX('Tournament Log'!$K:$K,E28),IF(INDEX('Guest Log'!$C:$C,Q28)="Win",1,IF(INDEX('Guest Log'!$C:$C,Q28)="Draw",0.5,0))))) -> 1 | L28: =IF(C28="","",IF(C28="Match",32,IF(C28="Tournament",MIN(32*INDEX('Tournament Log'!$D:$D,E28),96),32))) -> 32 | M28: =IF(C28="","",ROUND(L28*(K28-J28),0)) -> 17 | N28: =IF(C28="","",H28+M28) -> 985 | O28: =IF(C28="","",IF(C28="Match",I28-M28,"")) -> 969 | P28: =IF(C28="Tournament",INDEX('Tournament Log'!$B:$B,E28),IF(C28="Guest","Guest: "&INDEX('Guest Log'!$H:$H,Q28),"")) | Q28: =IFERROR(MATCH($A28,'Guest Log'!$L$4:$L$203,0)+3,"")
A29: =28 -> 28 | B29: =IF(C29="","",IF(C29="Match",INDEX('Match Log'!$A:$A,D29),IF(C29="Tournament",INDEX('Tournament Log'!$A:$A,E29),INDEX('Guest Log'!$A:$A,Q29)))) -> 46334 | C29: =IF(D29<>"","Match",IF(E29<>"","Tournament",IF(Q29<>"","Guest",""))) -> Match | D29: =IFERROR(MATCH($A29,'Match Log'!$K$3:$K$501,0)+2,"") -> 27 | E29: =IFERROR(MATCH($A29,'Tournament Log'!$O$4:$O$203,0)+3,"") | F29: =IF(C29="","",IF(C29="Match",INDEX('Match Log'!$B:$B,D29),IF(C29="Tournament",INDEX('Tournament Log'!$C:$C,E29),INDEX('Guest Log'!$B:$B,Q29)))) -> Gav | G29: =IF(C29="","",IF(C29="Match",INDEX('Match Log'!$C:$C,D29),IF(C29="Tournament",INDEX('Tournament Log'!$B:$B,E29)&" (Phantom)",INDEX('Guest Log'!$H:$H,Q29)&" (Guest)"))) -> Miles | H29: {=IF(C29="","",IFERROR(LOOKUP(2,1/(($F$1:F28=F29)+($G$1:G28=F29)),IF($F$1:F28=F29,$N$1:N28,$O$1:O28)),1000))} -> 1037 | I29: {=IF(C29="","",IF(C29="Tournament",INDEX('Tournament Log'!$J:$J,E29),IF(C29="Guest",IF(INDEX('Guest Log'!$I:$I,Q29)="",1000,INDEX('Guest Log'!$I:$I,Q29)),IFERROR(LOOKUP(2,1/(($F$1:F28=G29)+($G$1:G28=G29)),IF($F$1:F28=G29,$N$1:N28,$O$1:O28)),1000))))} -> 994 | J29: =IF(C29="","",1/(1+10^((I29-H29)/400))) -> 0.56156794 | K29: =IF(C29="","",IF(C29="Match",IF(INDEX('Match Log'!$D:$D,D29)="Win",1,IF(INDEX('Match Log'!$D:$D,D29)="Draw",0.5,0)),IF(C29="Tournament",INDEX('Tournament Log'!$K:$K,E29),IF(INDEX('Guest Log'!$C:$C,Q29)="Win",1,IF(INDEX('Guest Log'!$C:$C,Q29)="Draw",0.5,0))))) -> 0 | L29: =IF(C29="","",IF(C29="Match",32,IF(C29="Tournament",MIN(32*INDEX('Tournament Log'!$D:$D,E29),96),32))) -> 32 | M29: =IF(C29="","",ROUND(L29*(K29-J29),0)) -> -18 | N29: =IF(C29="","",H29+M29) -> 1019 | O29: =IF(C29="","",IF(C29="Match",I29-M29,"")) -> 1012 | P29: =IF(C29="Tournament",INDEX('Tournament Log'!$B:$B,E29),IF(C29="Guest","Guest: "&INDEX('Guest Log'!$H:$H,Q29),"")) | Q29: =IFERROR(MATCH($A29,'Guest Log'!$L$4:$L$203,0)+3,"")
A30: =29 -> 29 | B30: =IF(C30="","",IF(C30="Match",INDEX('Match Log'!$A:$A,D30),IF(C30="Tournament",INDEX('Tournament Log'!$A:$A,E30),INDEX('Guest Log'!$A:$A,Q30)))) -> 46364 | C30: =IF(D30<>"","Match",IF(E30<>"","Tournament",IF(Q30<>"","Guest",""))) -> Match | D30: =IFERROR(MATCH($A30,'Match Log'!$K$3:$K$501,0)+2,"") -> 28 | E30: =IFERROR(MATCH($A30,'Tournament Log'!$O$4:$O$203,0)+3,"") | F30: =IF(C30="","",IF(C30="Match",INDEX('Match Log'!$B:$B,D30),IF(C30="Tournament",INDEX('Tournament Log'!$C:$C,E30),INDEX('Guest Log'!$B:$B,Q30)))) -> John | G30: =IF(C30="","",IF(C30="Match",INDEX('Match Log'!$C:$C,D30),IF(C30="Tournament",INDEX('Tournament Log'!$B:$B,E30)&" (Phantom)",INDEX('Guest Log'!$H:$H,Q30)&" (Guest)"))) -> Brett | H30: {=IF(C30="","",IFERROR(LOOKUP(2,1/(($F$1:F29=F30)+($G$1:G29=F30)),IF($F$1:F29=F30,$N$1:N29,$O$1:O29)),1000))} -> 1060 | I30: {=IF(C30="","",IF(C30="Tournament",INDEX('Tournament Log'!$J:$J,E30),IF(C30="Guest",IF(INDEX('Guest Log'!$I:$I,Q30)="",1000,INDEX('Guest Log'!$I:$I,Q30)),IFERROR(LOOKUP(2,1/(($F$1:F29=G30)+($G$1:G29=G30)),IF($F$1:F29=G30,$N$1:N29,$O$1:O29)),1000))))} -> 970 | J30: =IF(C30="","",1/(1+10^((I30-H30)/400))) -> 0.62669908 | K30: =IF(C30="","",IF(C30="Match",IF(INDEX('Match Log'!$D:$D,D30)="Win",1,IF(INDEX('Match Log'!$D:$D,D30)="Draw",0.5,0)),IF(C30="Tournament",INDEX('Tournament Log'!$K:$K,E30),IF(INDEX('Guest Log'!$C:$C,Q30)="Win",1,IF(INDEX('Guest Log'!$C:$C,Q30)="Draw",0.5,0))))) -> 1 | L30: =IF(C30="","",IF(C30="Match",32,IF(C30="Tournament",MIN(32*INDEX('Tournament Log'!$D:$D,E30),96),32))) -> 32 | M30: =IF(C30="","",ROUND(L30*(K30-J30),0)) -> 12 | N30: =IF(C30="","",H30+M30) -> 1072 | O30: =IF(C30="","",IF(C30="Match",I30-M30,"")) -> 958 | P30: =IF(C30="Tournament",INDEX('Tournament Log'!$B:$B,E30),IF(C30="Guest","Guest: "&INDEX('Guest Log'!$H:$H,Q30),"")) | Q30: =IFERROR(MATCH($A30,'Guest Log'!$L$4:$L$203,0)+3,"")
A31: =30 -> 30 | B31: =IF(C31="","",IF(C31="Match",INDEX('Match Log'!$A:$A,D31),IF(C31="Tournament",INDEX('Tournament Log'!$A:$A,E31),INDEX('Guest Log'!$A:$A,Q31)))) | C31: =IF(D31<>"","Match",IF(E31<>"","Tournament",IF(Q31<>"","Guest",""))) | D31: =IFERROR(MATCH($A31,'Match Log'!$K$3:$K$501,0)+2,"") | E31: =IFERROR(MATCH($A31,'Tournament Log'!$O$4:$O$203,0)+3,"") | F31: =IF(C31="","",IF(C31="Match",INDEX('Match Log'!$B:$B,D31),IF(C31="Tournament",INDEX('Tournament Log'!$C:$C,E31),INDEX('Guest Log'!$B:$B,Q31)))) | G31: =IF(C31="","",IF(C31="Match",INDEX('Match Log'!$C:$C,D31),IF(C31="Tournament",INDEX('Tournament Log'!$B:$B,E31)&" (Phantom)",INDEX('Guest Log'!$H:$H,Q31)&" (Guest)"))) | H31: {=IF(C31="","",IFERROR(LOOKUP(2,1/(($F$1:F30=F31)+($G$1:G30=F31)),IF($F$1:F30=F31,$N$1:N30,$O$1:O30)),1000))} | I31: {=IF(C31="","",IF(C31="Tournament",INDEX('Tournament Log'!$J:$J,E31),IF(C31="Guest",IF(INDEX('Guest Log'!$I:$I,Q31)="",1000,INDEX('Guest Log'!$I:$I,Q31)),IFERROR(LOOKUP(2,1/(($F$1:F30=G31)+($G$1:G30=G31)),IF($F$1:F30=G31,$N$1:N30,$O$1:O30)),1000))))} | J31: =IF(C31="","",1/(1+10^((I31-H31)/400))) | K31: =IF(C31="","",IF(C31="Match",IF(INDEX('Match Log'!$D:$D,D31)="Win",1,IF(INDEX('Match Log'!$D:$D,D31)="Draw",0.5,0)),IF(C31="Tournament",INDEX('Tournament Log'!$K:$K,E31),IF(INDEX('Guest Log'!$C:$C,Q31)="Win",1,IF(INDEX('Guest Log'!$C:$C,Q31)="Draw",0.5,0))))) | L31: =IF(C31="","",IF(C31="Match",32,IF(C31="Tournament",MIN(32*INDEX('Tournament Log'!$D:$D,E31),96),32))) | M31: =IF(C31="","",ROUND(L31*(K31-J31),0)) | N31: =IF(C31="","",H31+M31) | O31: =IF(C31="","",IF(C31="Match",I31-M31,"")) | P31: =IF(C31="Tournament",INDEX('Tournament Log'!$B:$B,E31),IF(C31="Guest","Guest: "&INDEX('Guest Log'!$H:$H,Q31),"")) | Q31: =IFERROR(MATCH($A31,'Guest Log'!$L$4:$L$203,0)+3,"")
A32: =31 -> 31 | B32: =IF(C32="","",IF(C32="Match",INDEX('Match Log'!$A:$A,D32),IF(C32="Tournament",INDEX('Tournament Log'!$A:$A,E32),INDEX('Guest Log'!$A:$A,Q32)))) | C32: =IF(D32<>"","Match",IF(E32<>"","Tournament",IF(Q32<>"","Guest",""))) | D32: =IFERROR(MATCH($A32,'Match Log'!$K$3:$K$501,0)+2,"") | E32: =IFERROR(MATCH($A32,'Tournament Log'!$O$4:$O$203,0)+3,"") | F32: =IF(C32="","",IF(C32="Match",INDEX('Match Log'!$B:$B,D32),IF(C32="Tournament",INDEX('Tournament Log'!$C:$C,E32),INDEX('Guest Log'!$B:$B,Q32)))) | G32: =IF(C32="","",IF(C32="Match",INDEX('Match Log'!$C:$C,D32),IF(C32="Tournament",INDEX('Tournament Log'!$B:$B,E32)&" (Phantom)",INDEX('Guest Log'!$H:$H,Q32)&" (Guest)"))) | H32: {=IF(C32="","",IFERROR(LOOKUP(2,1/(($F$1:F31=F32)+($G$1:G31=F32)),IF($F$1:F31=F32,$N$1:N31,$O$1:O31)),1000))} | I32: {=IF(C32="","",IF(C32="Tournament",INDEX('Tournament Log'!$J:$J,E32),IF(C32="Guest",IF(INDEX('Guest Log'!$I:$I,Q32)="",1000,INDEX('Guest Log'!$I:$I,Q32)),IFERROR(LOOKUP(2,1/(($F$1:F31=G32)+($G$1:G31=G32)),IF($F$1:F31=G32,$N$1:N31,$O$1:O31)),1000))))} | J32: =IF(C32="","",1/(1+10^((I32-H32)/400))) | K32: =IF(C32="","",IF(C32="Match",IF(INDEX('Match Log'!$D:$D,D32)="Win",1,IF(INDEX('Match Log'!$D:$D,D32)="Draw",0.5,0)),IF(C32="Tournament",INDEX('Tournament Log'!$K:$K,E32),IF(INDEX('Guest Log'!$C:$C,Q32)="Win",1,IF(INDEX('Guest Log'!$C:$C,Q32)="Draw",0.5,0))))) | L32: =IF(C32="","",IF(C32="Match",32,IF(C32="Tournament",MIN(32*INDEX('Tournament Log'!$D:$D,E32),96),32))) | M32: =IF(C32="","",ROUND(L32*(K32-J32),0)) | N32: =IF(C32="","",H32+M32) | O32: =IF(C32="","",IF(C32="Match",I32-M32,"")) | P32: =IF(C32="Tournament",INDEX('Tournament Log'!$B:$B,E32),IF(C32="Guest","Guest: "&INDEX('Guest Log'!$H:$H,Q32),"")) | Q32: =IFERROR(MATCH($A32,'Guest Log'!$L$4:$L$203,0)+3,"")
A33: =32 -> 32 | B33: =IF(C33="","",IF(C33="Match",INDEX('Match Log'!$A:$A,D33),IF(C33="Tournament",INDEX('Tournament Log'!$A:$A,E33),INDEX('Guest Log'!$A:$A,Q33)))) | C33: =IF(D33<>"","Match",IF(E33<>"","Tournament",IF(Q33<>"","Guest",""))) | D33: =IFERROR(MATCH($A33,'Match Log'!$K$3:$K$501,0)+2,"") | E33: =IFERROR(MATCH($A33,'Tournament Log'!$O$4:$O$203,0)+3,"") | F33: =IF(C33="","",IF(C33="Match",INDEX('Match Log'!$B:$B,D33),IF(C33="Tournament",INDEX('Tournament Log'!$C:$C,E33),INDEX('Guest Log'!$B:$B,Q33)))) | G33: =IF(C33="","",IF(C33="Match",INDEX('Match Log'!$C:$C,D33),IF(C33="Tournament",INDEX('Tournament Log'!$B:$B,E33)&" (Phantom)",INDEX('Guest Log'!$H:$H,Q33)&" (Guest)"))) | H33: {=IF(C33="","",IFERROR(LOOKUP(2,1/(($F$1:F32=F33)+($G$1:G32=F33)),IF($F$1:F32=F33,$N$1:N32,$O$1:O32)),1000))} | I33: {=IF(C33="","",IF(C33="Tournament",INDEX('Tournament Log'!$J:$J,E33),IF(C33="Guest",IF(INDEX('Guest Log'!$I:$I,Q33)="",1000,INDEX('Guest Log'!$I:$I,Q33)),IFERROR(LOOKUP(2,1/(($F$1:F32=G33)+($G$1:G32=G33)),IF($F$1:F32=G33,$N$1:N32,$O$1:O32)),1000))))} | J33: =IF(C33="","",1/(1+10^((I33-H33)/400))) | K33: =IF(C33="","",IF(C33="Match",IF(INDEX('Match Log'!$D:$D,D33)="Win",1,IF(INDEX('Match Log'!$D:$D,D33)="Draw",0.5,0)),IF(C33="Tournament",INDEX('Tournament Log'!$K:$K,E33),IF(INDEX('Guest Log'!$C:$C,Q33)="Win",1,IF(INDEX('Guest Log'!$C:$C,Q33)="Draw",0.5,0))))) | L33: =IF(C33="","",IF(C33="Match",32,IF(C33="Tournament",MIN(32*INDEX('Tournament Log'!$D:$D,E33),96),32))) | M33: =IF(C33="","",ROUND(L33*(K33-J33),0)) | N33: =IF(C33="","",H33+M33) | O33: =IF(C33="","",IF(C33="Match",I33-M33,"")) | P33: =IF(C33="Tournament",INDEX('Tournament Log'!$B:$B,E33),IF(C33="Guest","Guest: "&INDEX('Guest Log'!$H:$H,Q33),"")) | Q33: =IFERROR(MATCH($A33,'Guest Log'!$L$4:$L$203,0)+3,"")
A34: =33 -> 33 | B34: =IF(C34="","",IF(C34="Match",INDEX('Match Log'!$A:$A,D34),IF(C34="Tournament",INDEX('Tournament Log'!$A:$A,E34),INDEX('Guest Log'!$A:$A,Q34)))) | C34: =IF(D34<>"","Match",IF(E34<>"","Tournament",IF(Q34<>"","Guest",""))) | D34: =IFERROR(MATCH($A34,'Match Log'!$K$3:$K$501,0)+2,"") | E34: =IFERROR(MATCH($A34,'Tournament Log'!$O$4:$O$203,0)+3,"") | F34: =IF(C34="","",IF(C34="Match",INDEX('Match Log'!$B:$B,D34),IF(C34="Tournament",INDEX('Tournament Log'!$C:$C,E34),INDEX('Guest Log'!$B:$B,Q34)))) | G34: =IF(C34="","",IF(C34="Match",INDEX('Match Log'!$C:$C,D34),IF(C34="Tournament",INDEX('Tournament Log'!$B:$B,E34)&" (Phantom)",INDEX('Guest Log'!$H:$H,Q34)&" (Guest)"))) | H34: {=IF(C34="","",IFERROR(LOOKUP(2,1/(($F$1:F33=F34)+($G$1:G33=F34)),IF($F$1:F33=F34,$N$1:N33,$O$1:O33)),1000))} | I34: {=IF(C34="","",IF(C34="Tournament",INDEX('Tournament Log'!$J:$J,E34),IF(C34="Guest",IF(INDEX('Guest Log'!$I:$I,Q34)="",1000,INDEX('Guest Log'!$I:$I,Q34)),IFERROR(LOOKUP(2,1/(($F$1:F33=G34)+($G$1:G33=G34)),IF($F$1:F33=G34,$N$1:N33,$O$1:O33)),1000))))} | J34: =IF(C34="","",1/(1+10^((I34-H34)/400))) | K34: =IF(C34="","",IF(C34="Match",IF(INDEX('Match Log'!$D:$D,D34)="Win",1,IF(INDEX('Match Log'!$D:$D,D34)="Draw",0.5,0)),IF(C34="Tournament",INDEX('Tournament Log'!$K:$K,E34),IF(INDEX('Guest Log'!$C:$C,Q34)="Win",1,IF(INDEX('Guest Log'!$C:$C,Q34)="Draw",0.5,0))))) | L34: =IF(C34="","",IF(C34="Match",32,IF(C34="Tournament",MIN(32*INDEX('Tournament Log'!$D:$D,E34),96),32))) | M34: =IF(C34="","",ROUND(L34*(K34-J34),0)) | N34: =IF(C34="","",H34+M34) | O34: =IF(C34="","",IF(C34="Match",I34-M34,"")) | P34: =IF(C34="Tournament",INDEX('Tournament Log'!$B:$B,E34),IF(C34="Guest","Guest: "&INDEX('Guest Log'!$H:$H,Q34),"")) | Q34: =IFERROR(MATCH($A34,'Guest Log'!$L$4:$L$203,0)+3,"")
A35: =34 -> 34 | B35: =IF(C35="","",IF(C35="Match",INDEX('Match Log'!$A:$A,D35),IF(C35="Tournament",INDEX('Tournament Log'!$A:$A,E35),INDEX('Guest Log'!$A:$A,Q35)))) | C35: =IF(D35<>"","Match",IF(E35<>"","Tournament",IF(Q35<>"","Guest",""))) | D35: =IFERROR(MATCH($A35,'Match Log'!$K$3:$K$501,0)+2,"") | E35: =IFERROR(MATCH($A35,'Tournament Log'!$O$4:$O$203,0)+3,"") | F35: =IF(C35="","",IF(C35="Match",INDEX('Match Log'!$B:$B,D35),IF(C35="Tournament",INDEX('Tournament Log'!$C:$C,E35),INDEX('Guest Log'!$B:$B,Q35)))) | G35: =IF(C35="","",IF(C35="Match",INDEX('Match Log'!$C:$C,D35),IF(C35="Tournament",INDEX('Tournament Log'!$B:$B,E35)&" (Phantom)",INDEX('Guest Log'!$H:$H,Q35)&" (Guest)"))) | H35: {=IF(C35="","",IFERROR(LOOKUP(2,1/(($F$1:F34=F35)+($G$1:G34=F35)),IF($F$1:F34=F35,$N$1:N34,$O$1:O34)),1000))} | I35: {=IF(C35="","",IF(C35="Tournament",INDEX('Tournament Log'!$J:$J,E35),IF(C35="Guest",IF(INDEX('Guest Log'!$I:$I,Q35)="",1000,INDEX('Guest Log'!$I:$I,Q35)),IFERROR(LOOKUP(2,1/(($F$1:F34=G35)+($G$1:G34=G35)),IF($F$1:F34=G35,$N$1:N34,$O$1:O34)),1000))))} | J35: =IF(C35="","",1/(1+10^((I35-H35)/400))) | K35: =IF(C35="","",IF(C35="Match",IF(INDEX('Match Log'!$D:$D,D35)="Win",1,IF(INDEX('Match Log'!$D:$D,D35)="Draw",0.5,0)),IF(C35="Tournament",INDEX('Tournament Log'!$K:$K,E35),IF(INDEX('Guest Log'!$C:$C,Q35)="Win",1,IF(INDEX('Guest Log'!$C:$C,Q35)="Draw",0.5,0))))) | L35: =IF(C35="","",IF(C35="Match",32,IF(C35="Tournament",MIN(32*INDEX('Tournament Log'!$D:$D,E35),96),32))) | M35: =IF(C35="","",ROUND(L35*(K35-J35),0)) | N35: =IF(C35="","",H35+M35) | O35: =IF(C35="","",IF(C35="Match",I35-M35,"")) | P35: =IF(C35="Tournament",INDEX('Tournament Log'!$B:$B,E35),IF(C35="Guest","Guest: "&INDEX('Guest Log'!$H:$H,Q35),"")) | Q35: =IFERROR(MATCH($A35,'Guest Log'!$L$4:$L$203,0)+3,"")
A36: =35 -> 35 | B36: =IF(C36="","",IF(C36="Match",INDEX('Match Log'!$A:$A,D36),IF(C36="Tournament",INDEX('Tournament Log'!$A:$A,E36),INDEX('Guest Log'!$A:$A,Q36)))) | C36: =IF(D36<>"","Match",IF(E36<>"","Tournament",IF(Q36<>"","Guest",""))) | D36: =IFERROR(MATCH($A36,'Match Log'!$K$3:$K$501,0)+2,"") | E36: =IFERROR(MATCH($A36,'Tournament Log'!$O$4:$O$203,0)+3,"") | F36: =IF(C36="","",IF(C36="Match",INDEX('Match Log'!$B:$B,D36),IF(C36="Tournament",INDEX('Tournament Log'!$C:$C,E36),INDEX('Guest Log'!$B:$B,Q36)))) | G36: =IF(C36="","",IF(C36="Match",INDEX('Match Log'!$C:$C,D36),IF(C36="Tournament",INDEX('Tournament Log'!$B:$B,E36)&" (Phantom)",INDEX('Guest Log'!$H:$H,Q36)&" (Guest)"))) | H36: {=IF(C36="","",IFERROR(LOOKUP(2,1/(($F$1:F35=F36)+($G$1:G35=F36)),IF($F$1:F35=F36,$N$1:N35,$O$1:O35)),1000))} | I36: {=IF(C36="","",IF(C36="Tournament",INDEX('Tournament Log'!$J:$J,E36),IF(C36="Guest",IF(INDEX('Guest Log'!$I:$I,Q36)="",1000,INDEX('Guest Log'!$I:$I,Q36)),IFERROR(LOOKUP(2,1/(($F$1:F35=G36)+($G$1:G35=G36)),IF($F$1:F35=G36,$N$1:N35,$O$1:O35)),1000))))} | J36: =IF(C36="","",1/(1+10^((I36-H36)/400))) | K36: =IF(C36="","",IF(C36="Match",IF(INDEX('Match Log'!$D:$D,D36)="Win",1,IF(INDEX('Match Log'!$D:$D,D36)="Draw",0.5,0)),IF(C36="Tournament",INDEX('Tournament Log'!$K:$K,E36),IF(INDEX('Guest Log'!$C:$C,Q36)="Win",1,IF(INDEX('Guest Log'!$C:$C,Q36)="Draw",0.5,0))))) | L36: =IF(C36="","",IF(C36="Match",32,IF(C36="Tournament",MIN(32*INDEX('Tournament Log'!$D:$D,E36),96),32))) | M36: =IF(C36="","",ROUND(L36*(K36-J36),0)) | N36: =IF(C36="","",H36+M36) | O36: =IF(C36="","",IF(C36="Match",I36-M36,"")) | P36: =IF(C36="Tournament",INDEX('Tournament Log'!$B:$B,E36),IF(C36="Guest","Guest: "&INDEX('Guest Log'!$H:$H,Q36),"")) | Q36: =IFERROR(MATCH($A36,'Guest Log'!$L$4:$L$203,0)+3,"")
A37: =36 -> 36 | B37: =IF(C37="","",IF(C37="Match",INDEX('Match Log'!$A:$A,D37),IF(C37="Tournament",INDEX('Tournament Log'!$A:$A,E37),INDEX('Guest Log'!$A:$A,Q37)))) | C37: =IF(D37<>"","Match",IF(E37<>"","Tournament",IF(Q37<>"","Guest",""))) | D37: =IFERROR(MATCH($A37,'Match Log'!$K$3:$K$501,0)+2,"") | E37: =IFERROR(MATCH($A37,'Tournament Log'!$O$4:$O$203,0)+3,"") | F37: =IF(C37="","",IF(C37="Match",INDEX('Match Log'!$B:$B,D37),IF(C37="Tournament",INDEX('Tournament Log'!$C:$C,E37),INDEX('Guest Log'!$B:$B,Q37)))) | G37: =IF(C37="","",IF(C37="Match",INDEX('Match Log'!$C:$C,D37),IF(C37="Tournament",INDEX('Tournament Log'!$B:$B,E37)&" (Phantom)",INDEX('Guest Log'!$H:$H,Q37)&" (Guest)"))) | H37: {=IF(C37="","",IFERROR(LOOKUP(2,1/(($F$1:F36=F37)+($G$1:G36=F37)),IF($F$1:F36=F37,$N$1:N36,$O$1:O36)),1000))} | I37: {=IF(C37="","",IF(C37="Tournament",INDEX('Tournament Log'!$J:$J,E37),IF(C37="Guest",IF(INDEX('Guest Log'!$I:$I,Q37)="",1000,INDEX('Guest Log'!$I:$I,Q37)),IFERROR(LOOKUP(2,1/(($F$1:F36=G37)+($G$1:G36=G37)),IF($F$1:F36=G37,$N$1:N36,$O$1:O36)),1000))))} | J37: =IF(C37="","",1/(1+10^((I37-H37)/400))) | K37: =IF(C37="","",IF(C37="Match",IF(INDEX('Match Log'!$D:$D,D37)="Win",1,IF(INDEX('Match Log'!$D:$D,D37)="Draw",0.5,0)),IF(C37="Tournament",INDEX('Tournament Log'!$K:$K,E37),IF(INDEX('Guest Log'!$C:$C,Q37)="Win",1,IF(INDEX('Guest Log'!$C:$C,Q37)="Draw",0.5,0))))) | L37: =IF(C37="","",IF(C37="Match",32,IF(C37="Tournament",MIN(32*INDEX('Tournament Log'!$D:$D,E37),96),32))) | M37: =IF(C37="","",ROUND(L37*(K37-J37),0)) | N37: =IF(C37="","",H37+M37) | O37: =IF(C37="","",IF(C37="Match",I37-M37,"")) | P37: =IF(C37="Tournament",INDEX('Tournament Log'!$B:$B,E37),IF(C37="Guest","Guest: "&INDEX('Guest Log'!$H:$H,Q37),"")) | Q37: =IFERROR(MATCH($A37,'Guest Log'!$L$4:$L$203,0)+3,"")
A38: =37 -> 37 | B38: =IF(C38="","",IF(C38="Match",INDEX('Match Log'!$A:$A,D38),IF(C38="Tournament",INDEX('Tournament Log'!$A:$A,E38),INDEX('Guest Log'!$A:$A,Q38)))) | C38: =IF(D38<>"","Match",IF(E38<>"","Tournament",IF(Q38<>"","Guest",""))) | D38: =IFERROR(MATCH($A38,'Match Log'!$K$3:$K$501,0)+2,"") | E38: =IFERROR(MATCH($A38,'Tournament Log'!$O$4:$O$203,0)+3,"") | F38: =IF(C38="","",IF(C38="Match",INDEX('Match Log'!$B:$B,D38),IF(C38="Tournament",INDEX('Tournament Log'!$C:$C,E38),INDEX('Guest Log'!$B:$B,Q38)))) | G38: =IF(C38="","",IF(C38="Match",INDEX('Match Log'!$C:$C,D38),IF(C38="Tournament",INDEX('Tournament Log'!$B:$B,E38)&" (Phantom)",INDEX('Guest Log'!$H:$H,Q38)&" (Guest)"))) | H38: {=IF(C38="","",IFERROR(LOOKUP(2,1/(($F$1:F37=F38)+($G$1:G37=F38)),IF($F$1:F37=F38,$N$1:N37,$O$1:O37)),1000))} | I38: {=IF(C38="","",IF(C38="Tournament",INDEX('Tournament Log'!$J:$J,E38),IF(C38="Guest",IF(INDEX('Guest Log'!$I:$I,Q38)="",1000,INDEX('Guest Log'!$I:$I,Q38)),IFERROR(LOOKUP(2,1/(($F$1:F37=G38)+($G$1:G37=G38)),IF($F$1:F37=G38,$N$1:N37,$O$1:O37)),1000))))} | J38: =IF(C38="","",1/(1+10^((I38-H38)/400))) | K38: =IF(C38="","",IF(C38="Match",IF(INDEX('Match Log'!$D:$D,D38)="Win",1,IF(INDEX('Match Log'!$D:$D,D38)="Draw",0.5,0)),IF(C38="Tournament",INDEX('Tournament Log'!$K:$K,E38),IF(INDEX('Guest Log'!$C:$C,Q38)="Win",1,IF(INDEX('Guest Log'!$C:$C,Q38)="Draw",0.5,0))))) | L38: =IF(C38="","",IF(C38="Match",32,IF(C38="Tournament",MIN(32*INDEX('Tournament Log'!$D:$D,E38),96),32))) | M38: =IF(C38="","",ROUND(L38*(K38-J38),0)) | N38: =IF(C38="","",H38+M38) | O38: =IF(C38="","",IF(C38="Match",I38-M38,"")) | P38: =IF(C38="Tournament",INDEX('Tournament Log'!$B:$B,E38),IF(C38="Guest","Guest: "&INDEX('Guest Log'!$H:$H,Q38),"")) | Q38: =IFERROR(MATCH($A38,'Guest Log'!$L$4:$L$203,0)+3,"")
A39: =38 -> 38 | B39: =IF(C39="","",IF(C39="Match",INDEX('Match Log'!$A:$A,D39),IF(C39="Tournament",INDEX('Tournament Log'!$A:$A,E39),INDEX('Guest Log'!$A:$A,Q39)))) | C39: =IF(D39<>"","Match",IF(E39<>"","Tournament",IF(Q39<>"","Guest",""))) | D39: =IFERROR(MATCH($A39,'Match Log'!$K$3:$K$501,0)+2,"") | E39: =IFERROR(MATCH($A39,'Tournament Log'!$O$4:$O$203,0)+3,"") | F39: =IF(C39="","",IF(C39="Match",INDEX('Match Log'!$B:$B,D39),IF(C39="Tournament",INDEX('Tournament Log'!$C:$C,E39),INDEX('Guest Log'!$B:$B,Q39)))) | G39: =IF(C39="","",IF(C39="Match",INDEX('Match Log'!$C:$C,D39),IF(C39="Tournament",INDEX('Tournament Log'!$B:$B,E39)&" (Phantom)",INDEX('Guest Log'!$H:$H,Q39)&" (Guest)"))) | H39: {=IF(C39="","",IFERROR(LOOKUP(2,1/(($F$1:F38=F39)+($G$1:G38=F39)),IF($F$1:F38=F39,$N$1:N38,$O$1:O38)),1000))} | I39: {=IF(C39="","",IF(C39="Tournament",INDEX('Tournament Log'!$J:$J,E39),IF(C39="Guest",IF(INDEX('Guest Log'!$I:$I,Q39)="",1000,INDEX('Guest Log'!$I:$I,Q39)),IFERROR(LOOKUP(2,1/(($F$1:F38=G39)+($G$1:G38=G39)),IF($F$1:F38=G39,$N$1:N38,$O$1:O38)),1000))))} | J39: =IF(C39="","",1/(1+10^((I39-H39)/400))) | K39: =IF(C39="","",IF(C39="Match",IF(INDEX('Match Log'!$D:$D,D39)="Win",1,IF(INDEX('Match Log'!$D:$D,D39)="Draw",0.5,0)),IF(C39="Tournament",INDEX('Tournament Log'!$K:$K,E39),IF(INDEX('Guest Log'!$C:$C,Q39)="Win",1,IF(INDEX('Guest Log'!$C:$C,Q39)="Draw",0.5,0))))) | L39: =IF(C39="","",IF(C39="Match",32,IF(C39="Tournament",MIN(32*INDEX('Tournament Log'!$D:$D,E39),96),32))) | M39: =IF(C39="","",ROUND(L39*(K39-J39),0)) | N39: =IF(C39="","",H39+M39) | O39: =IF(C39="","",IF(C39="Match",I39-M39,"")) | P39: =IF(C39="Tournament",INDEX('Tournament Log'!$B:$B,E39),IF(C39="Guest","Guest: "&INDEX('Guest Log'!$H:$H,Q39),"")) | Q39: =IFERROR(MATCH($A39,'Guest Log'!$L$4:$L$203,0)+3,"")
A40: =39 -> 39 | B40: =IF(C40="","",IF(C40="Match",INDEX('Match Log'!$A:$A,D40),IF(C40="Tournament",INDEX('Tournament Log'!$A:$A,E40),INDEX('Guest Log'!$A:$A,Q40)))) | C40: =IF(D40<>"","Match",IF(E40<>"","Tournament",IF(Q40<>"","Guest",""))) | D40: =IFERROR(MATCH($A40,'Match Log'!$K$3:$K$501,0)+2,"") | E40: =IFERROR(MATCH($A40,'Tournament Log'!$O$4:$O$203,0)+3,"") | F40: =IF(C40="","",IF(C40="Match",INDEX('Match Log'!$B:$B,D40),IF(C40="Tournament",INDEX('Tournament Log'!$C:$C,E40),INDEX('Guest Log'!$B:$B,Q40)))) | G40: =IF(C40="","",IF(C40="Match",INDEX('Match Log'!$C:$C,D40),IF(C40="Tournament",INDEX('Tournament Log'!$B:$B,E40)&" (Phantom)",INDEX('Guest Log'!$H:$H,Q40)&" (Guest)"))) | H40: {=IF(C40="","",IFERROR(LOOKUP(2,1/(($F$1:F39=F40)+($G$1:G39=F40)),IF($F$1:F39=F40,$N$1:N39,$O$1:O39)),1000))} | I40: {=IF(C40="","",IF(C40="Tournament",INDEX('Tournament Log'!$J:$J,E40),IF(C40="Guest",IF(INDEX('Guest Log'!$I:$I,Q40)="",1000,INDEX('Guest Log'!$I:$I,Q40)),IFERROR(LOOKUP(2,1/(($F$1:F39=G40)+($G$1:G39=G40)),IF($F$1:F39=G40,$N$1:N39,$O$1:O39)),1000))))} | J40: =IF(C40="","",1/(1+10^((I40-H40)/400))) | K40: =IF(C40="","",IF(C40="Match",IF(INDEX('Match Log'!$D:$D,D40)="Win",1,IF(INDEX('Match Log'!$D:$D,D40)="Draw",0.5,0)),IF(C40="Tournament",INDEX('Tournament Log'!$K:$K,E40),IF(INDEX('Guest Log'!$C:$C,Q40)="Win",1,IF(INDEX('Guest Log'!$C:$C,Q40)="Draw",0.5,0))))) | L40: =IF(C40="","",IF(C40="Match",32,IF(C40="Tournament",MIN(32*INDEX('Tournament Log'!$D:$D,E40),96),32))) | M40: =IF(C40="","",ROUND(L40*(K40-J40),0)) | N40: =IF(C40="","",H40+M40) | O40: =IF(C40="","",IF(C40="Match",I40-M40,"")) | P40: =IF(C40="Tournament",INDEX('Tournament Log'!$B:$B,E40),IF(C40="Guest","Guest: "&INDEX('Guest Log'!$H:$H,Q40),"")) | Q40: =IFERROR(MATCH($A40,'Guest Log'!$L$4:$L$203,0)+3,"")
A41: =40 -> 40 | B41: =IF(C41="","",IF(C41="Match",INDEX('Match Log'!$A:$A,D41),IF(C41="Tournament",INDEX('Tournament Log'!$A:$A,E41),INDEX('Guest Log'!$A:$A,Q41)))) | C41: =IF(D41<>"","Match",IF(E41<>"","Tournament",IF(Q41<>"","Guest",""))) | D41: =IFERROR(MATCH($A41,'Match Log'!$K$3:$K$501,0)+2,"") | E41: =IFERROR(MATCH($A41,'Tournament Log'!$O$4:$O$203,0)+3,"") | F41: =IF(C41="","",IF(C41="Match",INDEX('Match Log'!$B:$B,D41),IF(C41="Tournament",INDEX('Tournament Log'!$C:$C,E41),INDEX('Guest Log'!$B:$B,Q41)))) | G41: =IF(C41="","",IF(C41="Match",INDEX('Match Log'!$C:$C,D41),IF(C41="Tournament",INDEX('Tournament Log'!$B:$B,E41)&" (Phantom)",INDEX('Guest Log'!$H:$H,Q41)&" (Guest)"))) | H41: {=IF(C41="","",IFERROR(LOOKUP(2,1/(($F$1:F40=F41)+($G$1:G40=F41)),IF($F$1:F40=F41,$N$1:N40,$O$1:O40)),1000))} | I41: {=IF(C41="","",IF(C41="Tournament",INDEX('Tournament Log'!$J:$J,E41),IF(C41="Guest",IF(INDEX('Guest Log'!$I:$I,Q41)="",1000,INDEX('Guest Log'!$I:$I,Q41)),IFERROR(LOOKUP(2,1/(($F$1:F40=G41)+($G$1:G40=G41)),IF($F$1:F40=G41,$N$1:N40,$O$1:O40)),1000))))} | J41: =IF(C41="","",1/(1+10^((I41-H41)/400))) | K41: =IF(C41="","",IF(C41="Match",IF(INDEX('Match Log'!$D:$D,D41)="Win",1,IF(INDEX('Match Log'!$D:$D,D41)="Draw",0.5,0)),IF(C41="Tournament",INDEX('Tournament Log'!$K:$K,E41),IF(INDEX('Guest Log'!$C:$C,Q41)="Win",1,IF(INDEX('Guest Log'!$C:$C,Q41)="Draw",0.5,0))))) | L41: =IF(C41="","",IF(C41="Match",32,IF(C41="Tournament",MIN(32*INDEX('Tournament Log'!$D:$D,E41),96),32))) | M41: =IF(C41="","",ROUND(L41*(K41-J41),0)) | N41: =IF(C41="","",H41+M41) | O41: =IF(C41="","",IF(C41="Match",I41-M41,"")) | P41: =IF(C41="Tournament",INDEX('Tournament Log'!$B:$B,E41),IF(C41="Guest","Guest: "&INDEX('Guest Log'!$H:$H,Q41),"")) | Q41: =IFERROR(MATCH($A41,'Guest Log'!$L$4:$L$203,0)+3,"")
A42: =41 -> 41 | B42: =IF(C42="","",IF(C42="Match",INDEX('Match Log'!$A:$A,D42),IF(C42="Tournament",INDEX('Tournament Log'!$A:$A,E42),INDEX('Guest Log'!$A:$A,Q42)))) | C42: =IF(D42<>"","Match",IF(E42<>"","Tournament",IF(Q42<>"","Guest",""))) | D42: =IFERROR(MATCH($A42,'Match Log'!$K$3:$K$501,0)+2,"") | E42: =IFERROR(MATCH($A42,'Tournament Log'!$O$4:$O$203,0)+3,"") | F42: =IF(C42="","",IF(C42="Match",INDEX('Match Log'!$B:$B,D42),IF(C42="Tournament",INDEX('Tournament Log'!$C:$C,E42),INDEX('Guest Log'!$B:$B,Q42)))) | G42: =IF(C42="","",IF(C42="Match",INDEX('Match Log'!$C:$C,D42),IF(C42="Tournament",INDEX('Tournament Log'!$B:$B,E42)&" (Phantom)",INDEX('Guest Log'!$H:$H,Q42)&" (Guest)"))) | H42: {=IF(C42="","",IFERROR(LOOKUP(2,1/(($F$1:F41=F42)+($G$1:G41=F42)),IF($F$1:F41=F42,$N$1:N41,$O$1:O41)),1000))} | I42: {=IF(C42="","",IF(C42="Tournament",INDEX('Tournament Log'!$J:$J,E42),IF(C42="Guest",IF(INDEX('Guest Log'!$I:$I,Q42)="",1000,INDEX('Guest Log'!$I:$I,Q42)),IFERROR(LOOKUP(2,1/(($F$1:F41=G42)+($G$1:G41=G42)),IF($F$1:F41=G42,$N$1:N41,$O$1:O41)),1000))))} | J42: =IF(C42="","",1/(1+10^((I42-H42)/400))) | K42: =IF(C42="","",IF(C42="Match",IF(INDEX('Match Log'!$D:$D,D42)="Win",1,IF(INDEX('Match Log'!$D:$D,D42)="Draw",0.5,0)),IF(C42="Tournament",INDEX('Tournament Log'!$K:$K,E42),IF(INDEX('Guest Log'!$C:$C,Q42)="Win",1,IF(INDEX('Guest Log'!$C:$C,Q42)="Draw",0.5,0))))) | L42: =IF(C42="","",IF(C42="Match",32,IF(C42="Tournament",MIN(32*INDEX('Tournament Log'!$D:$D,E42),96),32))) | M42: =IF(C42="","",ROUND(L42*(K42-J42),0)) | N42: =IF(C42="","",H42+M42) | O42: =IF(C42="","",IF(C42="Match",I42-M42,"")) | P42: =IF(C42="Tournament",INDEX('Tournament Log'!$B:$B,E42),IF(C42="Guest","Guest: "&INDEX('Guest Log'!$H:$H,Q42),"")) | Q42: =IFERROR(MATCH($A42,'Guest Log'!$L$4:$L$203,0)+3,"")
A43: =42 -> 42 | B43: =IF(C43="","",IF(C43="Match",INDEX('Match Log'!$A:$A,D43),IF(C43="Tournament",INDEX('Tournament Log'!$A:$A,E43),INDEX('Guest Log'!$A:$A,Q43)))) | C43: =IF(D43<>"","Match",IF(E43<>"","Tournament",IF(Q43<>"","Guest",""))) | D43: =IFERROR(MATCH($A43,'Match Log'!$K$3:$K$501,0)+2,"") | E43: =IFERROR(MATCH($A43,'Tournament Log'!$O$4:$O$203,0)+3,"") | F43: =IF(C43="","",IF(C43="Match",INDEX('Match Log'!$B:$B,D43),IF(C43="Tournament",INDEX('Tournament Log'!$C:$C,E43),INDEX('Guest Log'!$B:$B,Q43)))) | G43: =IF(C43="","",IF(C43="Match",INDEX('Match Log'!$C:$C,D43),IF(C43="Tournament",INDEX('Tournament Log'!$B:$B,E43)&" (Phantom)",INDEX('Guest Log'!$H:$H,Q43)&" (Guest)"))) | H43: {=IF(C43="","",IFERROR(LOOKUP(2,1/(($F$1:F42=F43)+($G$1:G42=F43)),IF($F$1:F42=F43,$N$1:N42,$O$1:O42)),1000))} | I43: {=IF(C43="","",IF(C43="Tournament",INDEX('Tournament Log'!$J:$J,E43),IF(C43="Guest",IF(INDEX('Guest Log'!$I:$I,Q43)="",1000,INDEX('Guest Log'!$I:$I,Q43)),IFERROR(LOOKUP(2,1/(($F$1:F42=G43)+($G$1:G42=G43)),IF($F$1:F42=G43,$N$1:N42,$O$1:O42)),1000))))} | J43: =IF(C43="","",1/(1+10^((I43-H43)/400))) | K43: =IF(C43="","",IF(C43="Match",IF(INDEX('Match Log'!$D:$D,D43)="Win",1,IF(INDEX('Match Log'!$D:$D,D43)="Draw",0.5,0)),IF(C43="Tournament",INDEX('Tournament Log'!$K:$K,E43),IF(INDEX('Guest Log'!$C:$C,Q43)="Win",1,IF(INDEX('Guest Log'!$C:$C,Q43)="Draw",0.5,0))))) | L43: =IF(C43="","",IF(C43="Match",32,IF(C43="Tournament",MIN(32*INDEX('Tournament Log'!$D:$D,E43),96),32))) | M43: =IF(C43="","",ROUND(L43*(K43-J43),0)) | N43: =IF(C43="","",H43+M43) | O43: =IF(C43="","",IF(C43="Match",I43-M43,"")) | P43: =IF(C43="Tournament",INDEX('Tournament Log'!$B:$B,E43),IF(C43="Guest","Guest: "&INDEX('Guest Log'!$H:$H,Q43),"")) | Q43: =IFERROR(MATCH($A43,'Guest Log'!$L$4:$L$203,0)+3,"")
A44: =43 -> 43 | B44: =IF(C44="","",IF(C44="Match",INDEX('Match Log'!$A:$A,D44),IF(C44="Tournament",INDEX('Tournament Log'!$A:$A,E44),INDEX('Guest Log'!$A:$A,Q44)))) | C44: =IF(D44<>"","Match",IF(E44<>"","Tournament",IF(Q44<>"","Guest",""))) | D44: =IFERROR(MATCH($A44,'Match Log'!$K$3:$K$501,0)+2,"") | E44: =IFERROR(MATCH($A44,'Tournament Log'!$O$4:$O$203,0)+3,"") | F44: =IF(C44="","",IF(C44="Match",INDEX('Match Log'!$B:$B,D44),IF(C44="Tournament",INDEX('Tournament Log'!$C:$C,E44),INDEX('Guest Log'!$B:$B,Q44)))) | G44: =IF(C44="","",IF(C44="Match",INDEX('Match Log'!$C:$C,D44),IF(C44="Tournament",INDEX('Tournament Log'!$B:$B,E44)&" (Phantom)",INDEX('Guest Log'!$H:$H,Q44)&" (Guest)"))) | H44: {=IF(C44="","",IFERROR(LOOKUP(2,1/(($F$1:F43=F44)+($G$1:G43=F44)),IF($F$1:F43=F44,$N$1:N43,$O$1:O43)),1000))} | I44: {=IF(C44="","",IF(C44="Tournament",INDEX('Tournament Log'!$J:$J,E44),IF(C44="Guest",IF(INDEX('Guest Log'!$I:$I,Q44)="",1000,INDEX('Guest Log'!$I:$I,Q44)),IFERROR(LOOKUP(2,1/(($F$1:F43=G44)+($G$1:G43=G44)),IF($F$1:F43=G44,$N$1:N43,$O$1:O43)),1000))))} | J44: =IF(C44="","",1/(1+10^((I44-H44)/400))) | K44: =IF(C44="","",IF(C44="Match",IF(INDEX('Match Log'!$D:$D,D44)="Win",1,IF(INDEX('Match Log'!$D:$D,D44)="Draw",0.5,0)),IF(C44="Tournament",INDEX('Tournament Log'!$K:$K,E44),IF(INDEX('Guest Log'!$C:$C,Q44)="Win",1,IF(INDEX('Guest Log'!$C:$C,Q44)="Draw",0.5,0))))) | L44: =IF(C44="","",IF(C44="Match",32,IF(C44="Tournament",MIN(32*INDEX('Tournament Log'!$D:$D,E44),96),32))) | M44: =IF(C44="","",ROUND(L44*(K44-J44),0)) | N44: =IF(C44="","",H44+M44) | O44: =IF(C44="","",IF(C44="Match",I44-M44,"")) | P44: =IF(C44="Tournament",INDEX('Tournament Log'!$B:$B,E44),IF(C44="Guest","Guest: "&INDEX('Guest Log'!$H:$H,Q44),"")) | Q44: =IFERROR(MATCH($A44,'Guest Log'!$L$4:$L$203,0)+3,"")
A45: =44 -> 44 | B45: =IF(C45="","",IF(C45="Match",INDEX('Match Log'!$A:$A,D45),IF(C45="Tournament",INDEX('Tournament Log'!$A:$A,E45),INDEX('Guest Log'!$A:$A,Q45)))) | C45: =IF(D45<>"","Match",IF(E45<>"","Tournament",IF(Q45<>"","Guest",""))) | D45: =IFERROR(MATCH($A45,'Match Log'!$K$3:$K$501,0)+2,"") | E45: =IFERROR(MATCH($A45,'Tournament Log'!$O$4:$O$203,0)+3,"") | F45: =IF(C45="","",IF(C45="Match",INDEX('Match Log'!$B:$B,D45),IF(C45="Tournament",INDEX('Tournament Log'!$C:$C,E45),INDEX('Guest Log'!$B:$B,Q45)))) | G45: =IF(C45="","",IF(C45="Match",INDEX('Match Log'!$C:$C,D45),IF(C45="Tournament",INDEX('Tournament Log'!$B:$B,E45)&" (Phantom)",INDEX('Guest Log'!$H:$H,Q45)&" (Guest)"))) | H45: {=IF(C45="","",IFERROR(LOOKUP(2,1/(($F$1:F44=F45)+($G$1:G44=F45)),IF($F$1:F44=F45,$N$1:N44,$O$1:O44)),1000))} | I45: {=IF(C45="","",IF(C45="Tournament",INDEX('Tournament Log'!$J:$J,E45),IF(C45="Guest",IF(INDEX('Guest Log'!$I:$I,Q45)="",1000,INDEX('Guest Log'!$I:$I,Q45)),IFERROR(LOOKUP(2,1/(($F$1:F44=G45)+($G$1:G44=G45)),IF($F$1:F44=G45,$N$1:N44,$O$1:O44)),1000))))} | J45: =IF(C45="","",1/(1+10^((I45-H45)/400))) | K45: =IF(C45="","",IF(C45="Match",IF(INDEX('Match Log'!$D:$D,D45)="Win",1,IF(INDEX('Match Log'!$D:$D,D45)="Draw",0.5,0)),IF(C45="Tournament",INDEX('Tournament Log'!$K:$K,E45),IF(INDEX('Guest Log'!$C:$C,Q45)="Win",1,IF(INDEX('Guest Log'!$C:$C,Q45)="Draw",0.5,0))))) | L45: =IF(C45="","",IF(C45="Match",32,IF(C45="Tournament",MIN(32*INDEX('Tournament Log'!$D:$D,E45),96),32))) | M45: =IF(C45="","",ROUND(L45*(K45-J45),0)) | N45: =IF(C45="","",H45+M45) | O45: =IF(C45="","",IF(C45="Match",I45-M45,"")) | P45: =IF(C45="Tournament",INDEX('Tournament Log'!$B:$B,E45),IF(C45="Guest","Guest: "&INDEX('Guest Log'!$H:$H,Q45),"")) | Q45: =IFERROR(MATCH($A45,'Guest Log'!$L$4:$L$203,0)+3,"")
A46: =45 -> 45 | B46: =IF(C46="","",IF(C46="Match",INDEX('Match Log'!$A:$A,D46),IF(C46="Tournament",INDEX('Tournament Log'!$A:$A,E46),INDEX('Guest Log'!$A:$A,Q46)))) | C46: =IF(D46<>"","Match",IF(E46<>"","Tournament",IF(Q46<>"","Guest",""))) | D46: =IFERROR(MATCH($A46,'Match Log'!$K$3:$K$501,0)+2,"") | E46: =IFERROR(MATCH($A46,'Tournament Log'!$O$4:$O$203,0)+3,"") | F46: =IF(C46="","",IF(C46="Match",INDEX('Match Log'!$B:$B,D46),IF(C46="Tournament",INDEX('Tournament Log'!$C:$C,E46),INDEX('Guest Log'!$B:$B,Q46)))) | G46: =IF(C46="","",IF(C46="Match",INDEX('Match Log'!$C:$C,D46),IF(C46="Tournament",INDEX('Tournament Log'!$B:$B,E46)&" (Phantom)",INDEX('Guest Log'!$H:$H,Q46)&" (Guest)"))) | H46: {=IF(C46="","",IFERROR(LOOKUP(2,1/(($F$1:F45=F46)+($G$1:G45=F46)),IF($F$1:F45=F46,$N$1:N45,$O$1:O45)),1000))} | I46: {=IF(C46="","",IF(C46="Tournament",INDEX('Tournament Log'!$J:$J,E46),IF(C46="Guest",IF(INDEX('Guest Log'!$I:$I,Q46)="",1000,INDEX('Guest Log'!$I:$I,Q46)),IFERROR(LOOKUP(2,1/(($F$1:F45=G46)+($G$1:G45=G46)),IF($F$1:F45=G46,$N$1:N45,$O$1:O45)),1000))))} | J46: =IF(C46="","",1/(1+10^((I46-H46)/400))) | K46: =IF(C46="","",IF(C46="Match",IF(INDEX('Match Log'!$D:$D,D46)="Win",1,IF(INDEX('Match Log'!$D:$D,D46)="Draw",0.5,0)),IF(C46="Tournament",INDEX('Tournament Log'!$K:$K,E46),IF(INDEX('Guest Log'!$C:$C,Q46)="Win",1,IF(INDEX('Guest Log'!$C:$C,Q46)="Draw",0.5,0))))) | L46: =IF(C46="","",IF(C46="Match",32,IF(C46="Tournament",MIN(32*INDEX('Tournament Log'!$D:$D,E46),96),32))) | M46: =IF(C46="","",ROUND(L46*(K46-J46),0)) | N46: =IF(C46="","",H46+M46) | O46: =IF(C46="","",IF(C46="Match",I46-M46,"")) | P46: =IF(C46="Tournament",INDEX('Tournament Log'!$B:$B,E46),IF(C46="Guest","Guest: "&INDEX('Guest Log'!$H:$H,Q46),"")) | Q46: =IFERROR(MATCH($A46,'Guest Log'!$L$4:$L$203,0)+3,"")
A47: =46 -> 46 | B47: =IF(C47="","",IF(C47="Match",INDEX('Match Log'!$A:$A,D47),IF(C47="Tournament",INDEX('Tournament Log'!$A:$A,E47),INDEX('Guest Log'!$A:$A,Q47)))) | C47: =IF(D47<>"","Match",IF(E47<>"","Tournament",IF(Q47<>"","Guest",""))) | D47: =IFERROR(MATCH($A47,'Match Log'!$K$3:$K$501,0)+2,"") | E47: =IFERROR(MATCH($A47,'Tournament Log'!$O$4:$O$203,0)+3,"") | F47: =IF(C47="","",IF(C47="Match",INDEX('Match Log'!$B:$B,D47),IF(C47="Tournament",INDEX('Tournament Log'!$C:$C,E47),INDEX('Guest Log'!$B:$B,Q47)))) | G47: =IF(C47="","",IF(C47="Match",INDEX('Match Log'!$C:$C,D47),IF(C47="Tournament",INDEX('Tournament Log'!$B:$B,E47)&" (Phantom)",INDEX('Guest Log'!$H:$H,Q47)&" (Guest)"))) | H47: {=IF(C47="","",IFERROR(LOOKUP(2,1/(($F$1:F46=F47)+($G$1:G46=F47)),IF($F$1:F46=F47,$N$1:N46,$O$1:O46)),1000))} | I47: {=IF(C47="","",IF(C47="Tournament",INDEX('Tournament Log'!$J:$J,E47),IF(C47="Guest",IF(INDEX('Guest Log'!$I:$I,Q47)="",1000,INDEX('Guest Log'!$I:$I,Q47)),IFERROR(LOOKUP(2,1/(($F$1:F46=G47)+($G$1:G46=G47)),IF($F$1:F46=G47,$N$1:N46,$O$1:O46)),1000))))} | J47: =IF(C47="","",1/(1+10^((I47-H47)/400))) | K47: =IF(C47="","",IF(C47="Match",IF(INDEX('Match Log'!$D:$D,D47)="Win",1,IF(INDEX('Match Log'!$D:$D,D47)="Draw",0.5,0)),IF(C47="Tournament",INDEX('Tournament Log'!$K:$K,E47),IF(INDEX('Guest Log'!$C:$C,Q47)="Win",1,IF(INDEX('Guest Log'!$C:$C,Q47)="Draw",0.5,0))))) | L47: =IF(C47="","",IF(C47="Match",32,IF(C47="Tournament",MIN(32*INDEX('Tournament Log'!$D:$D,E47),96),32))) | M47: =IF(C47="","",ROUND(L47*(K47-J47),0)) | N47: =IF(C47="","",H47+M47) | O47: =IF(C47="","",IF(C47="Match",I47-M47,"")) | P47: =IF(C47="Tournament",INDEX('Tournament Log'!$B:$B,E47),IF(C47="Guest","Guest: "&INDEX('Guest Log'!$H:$H,Q47),"")) | Q47: =IFERROR(MATCH($A47,'Guest Log'!$L$4:$L$203,0)+3,"")
A48: =47 -> 47 | B48: =IF(C48="","",IF(C48="Match",INDEX('Match Log'!$A:$A,D48),IF(C48="Tournament",INDEX('Tournament Log'!$A:$A,E48),INDEX('Guest Log'!$A:$A,Q48)))) | C48: =IF(D48<>"","Match",IF(E48<>"","Tournament",IF(Q48<>"","Guest",""))) | D48: =IFERROR(MATCH($A48,'Match Log'!$K$3:$K$501,0)+2,"") | E48: =IFERROR(MATCH($A48,'Tournament Log'!$O$4:$O$203,0)+3,"") | F48: =IF(C48="","",IF(C48="Match",INDEX('Match Log'!$B:$B,D48),IF(C48="Tournament",INDEX('Tournament Log'!$C:$C,E48),INDEX('Guest Log'!$B:$B,Q48)))) | G48: =IF(C48="","",IF(C48="Match",INDEX('Match Log'!$C:$C,D48),IF(C48="Tournament",INDEX('Tournament Log'!$B:$B,E48)&" (Phantom)",INDEX('Guest Log'!$H:$H,Q48)&" (Guest)"))) | H48: {=IF(C48="","",IFERROR(LOOKUP(2,1/(($F$1:F47=F48)+($G$1:G47=F48)),IF($F$1:F47=F48,$N$1:N47,$O$1:O47)),1000))} | I48: {=IF(C48="","",IF(C48="Tournament",INDEX('Tournament Log'!$J:$J,E48),IF(C48="Guest",IF(INDEX('Guest Log'!$I:$I,Q48)="",1000,INDEX('Guest Log'!$I:$I,Q48)),IFERROR(LOOKUP(2,1/(($F$1:F47=G48)+($G$1:G47=G48)),IF($F$1:F47=G48,$N$1:N47,$O$1:O47)),1000))))} | J48: =IF(C48="","",1/(1+10^((I48-H48)/400))) | K48: =IF(C48="","",IF(C48="Match",IF(INDEX('Match Log'!$D:$D,D48)="Win",1,IF(INDEX('Match Log'!$D:$D,D48)="Draw",0.5,0)),IF(C48="Tournament",INDEX('Tournament Log'!$K:$K,E48),IF(INDEX('Guest Log'!$C:$C,Q48)="Win",1,IF(INDEX('Guest Log'!$C:$C,Q48)="Draw",0.5,0))))) | L48: =IF(C48="","",IF(C48="Match",32,IF(C48="Tournament",MIN(32*INDEX('Tournament Log'!$D:$D,E48),96),32))) | M48: =IF(C48="","",ROUND(L48*(K48-J48),0)) | N48: =IF(C48="","",H48+M48) | O48: =IF(C48="","",IF(C48="Match",I48-M48,"")) | P48: =IF(C48="Tournament",INDEX('Tournament Log'!$B:$B,E48),IF(C48="Guest","Guest: "&INDEX('Guest Log'!$H:$H,Q48),"")) | Q48: =IFERROR(MATCH($A48,'Guest Log'!$L$4:$L$203,0)+3,"")
A49: =48 -> 48 | B49: =IF(C49="","",IF(C49="Match",INDEX('Match Log'!$A:$A,D49),IF(C49="Tournament",INDEX('Tournament Log'!$A:$A,E49),INDEX('Guest Log'!$A:$A,Q49)))) | C49: =IF(D49<>"","Match",IF(E49<>"","Tournament",IF(Q49<>"","Guest",""))) | D49: =IFERROR(MATCH($A49,'Match Log'!$K$3:$K$501,0)+2,"") | E49: =IFERROR(MATCH($A49,'Tournament Log'!$O$4:$O$203,0)+3,"") | F49: =IF(C49="","",IF(C49="Match",INDEX('Match Log'!$B:$B,D49),IF(C49="Tournament",INDEX('Tournament Log'!$C:$C,E49),INDEX('Guest Log'!$B:$B,Q49)))) | G49: =IF(C49="","",IF(C49="Match",INDEX('Match Log'!$C:$C,D49),IF(C49="Tournament",INDEX('Tournament Log'!$B:$B,E49)&" (Phantom)",INDEX('Guest Log'!$H:$H,Q49)&" (Guest)"))) | H49: {=IF(C49="","",IFERROR(LOOKUP(2,1/(($F$1:F48=F49)+($G$1:G48=F49)),IF($F$1:F48=F49,$N$1:N48,$O$1:O48)),1000))} | I49: {=IF(C49="","",IF(C49="Tournament",INDEX('Tournament Log'!$J:$J,E49),IF(C49="Guest",IF(INDEX('Guest Log'!$I:$I,Q49)="",1000,INDEX('Guest Log'!$I:$I,Q49)),IFERROR(LOOKUP(2,1/(($F$1:F48=G49)+($G$1:G48=G49)),IF($F$1:F48=G49,$N$1:N48,$O$1:O48)),1000))))} | J49: =IF(C49="","",1/(1+10^((I49-H49)/400))) | K49: =IF(C49="","",IF(C49="Match",IF(INDEX('Match Log'!$D:$D,D49)="Win",1,IF(INDEX('Match Log'!$D:$D,D49)="Draw",0.5,0)),IF(C49="Tournament",INDEX('Tournament Log'!$K:$K,E49),IF(INDEX('Guest Log'!$C:$C,Q49)="Win",1,IF(INDEX('Guest Log'!$C:$C,Q49)="Draw",0.5,0))))) | L49: =IF(C49="","",IF(C49="Match",32,IF(C49="Tournament",MIN(32*INDEX('Tournament Log'!$D:$D,E49),96),32))) | M49: =IF(C49="","",ROUND(L49*(K49-J49),0)) | N49: =IF(C49="","",H49+M49) | O49: =IF(C49="","",IF(C49="Match",I49-M49,"")) | P49: =IF(C49="Tournament",INDEX('Tournament Log'!$B:$B,E49),IF(C49="Guest","Guest: "&INDEX('Guest Log'!$H:$H,Q49),"")) | Q49: =IFERROR(MATCH($A49,'Guest Log'!$L$4:$L$203,0)+3,"")
A50: =49 -> 49 | B50: =IF(C50="","",IF(C50="Match",INDEX('Match Log'!$A:$A,D50),IF(C50="Tournament",INDEX('Tournament Log'!$A:$A,E50),INDEX('Guest Log'!$A:$A,Q50)))) | C50: =IF(D50<>"","Match",IF(E50<>"","Tournament",IF(Q50<>"","Guest",""))) | D50: =IFERROR(MATCH($A50,'Match Log'!$K$3:$K$501,0)+2,"") | E50: =IFERROR(MATCH($A50,'Tournament Log'!$O$4:$O$203,0)+3,"") | F50: =IF(C50="","",IF(C50="Match",INDEX('Match Log'!$B:$B,D50),IF(C50="Tournament",INDEX('Tournament Log'!$C:$C,E50),INDEX('Guest Log'!$B:$B,Q50)))) | G50: =IF(C50="","",IF(C50="Match",INDEX('Match Log'!$C:$C,D50),IF(C50="Tournament",INDEX('Tournament Log'!$B:$B,E50)&" (Phantom)",INDEX('Guest Log'!$H:$H,Q50)&" (Guest)"))) | H50: {=IF(C50="","",IFERROR(LOOKUP(2,1/(($F$1:F49=F50)+($G$1:G49=F50)),IF($F$1:F49=F50,$N$1:N49,$O$1:O49)),1000))} | I50: {=IF(C50="","",IF(C50="Tournament",INDEX('Tournament Log'!$J:$J,E50),IF(C50="Guest",IF(INDEX('Guest Log'!$I:$I,Q50)="",1000,INDEX('Guest Log'!$I:$I,Q50)),IFERROR(LOOKUP(2,1/(($F$1:F49=G50)+($G$1:G49=G50)),IF($F$1:F49=G50,$N$1:N49,$O$1:O49)),1000))))} | J50: =IF(C50="","",1/(1+10^((I50-H50)/400))) | K50: =IF(C50="","",IF(C50="Match",IF(INDEX('Match Log'!$D:$D,D50)="Win",1,IF(INDEX('Match Log'!$D:$D,D50)="Draw",0.5,0)),IF(C50="Tournament",INDEX('Tournament Log'!$K:$K,E50),IF(INDEX('Guest Log'!$C:$C,Q50)="Win",1,IF(INDEX('Guest Log'!$C:$C,Q50)="Draw",0.5,0))))) | L50: =IF(C50="","",IF(C50="Match",32,IF(C50="Tournament",MIN(32*INDEX('Tournament Log'!$D:$D,E50),96),32))) | M50: =IF(C50="","",ROUND(L50*(K50-J50),0)) | N50: =IF(C50="","",H50+M50) | O50: =IF(C50="","",IF(C50="Match",I50-M50,"")) | P50: =IF(C50="Tournament",INDEX('Tournament Log'!$B:$B,E50),IF(C50="Guest","Guest: "&INDEX('Guest Log'!$H:$H,Q50),"")) | Q50: =IFERROR(MATCH($A50,'Guest Log'!$L$4:$L$203,0)+3,"")
A51: =50 -> 50 | B51: =IF(C51="","",IF(C51="Match",INDEX('Match Log'!$A:$A,D51),IF(C51="Tournament",INDEX('Tournament Log'!$A:$A,E51),INDEX('Guest Log'!$A:$A,Q51)))) | C51: =IF(D51<>"","Match",IF(E51<>"","Tournament",IF(Q51<>"","Guest",""))) | D51: =IFERROR(MATCH($A51,'Match Log'!$K$3:$K$501,0)+2,"") | E51: =IFERROR(MATCH($A51,'Tournament Log'!$O$4:$O$203,0)+3,"") | F51: =IF(C51="","",IF(C51="Match",INDEX('Match Log'!$B:$B,D51),IF(C51="Tournament",INDEX('Tournament Log'!$C:$C,E51),INDEX('Guest Log'!$B:$B,Q51)))) | G51: =IF(C51="","",IF(C51="Match",INDEX('Match Log'!$C:$C,D51),IF(C51="Tournament",INDEX('Tournament Log'!$B:$B,E51)&" (Phantom)",INDEX('Guest Log'!$H:$H,Q51)&" (Guest)"))) | H51: {=IF(C51="","",IFERROR(LOOKUP(2,1/(($F$1:F50=F51)+($G$1:G50=F51)),IF($F$1:F50=F51,$N$1:N50,$O$1:O50)),1000))} | I51: {=IF(C51="","",IF(C51="Tournament",INDEX('Tournament Log'!$J:$J,E51),IF(C51="Guest",IF(INDEX('Guest Log'!$I:$I,Q51)="",1000,INDEX('Guest Log'!$I:$I,Q51)),IFERROR(LOOKUP(2,1/(($F$1:F50=G51)+($G$1:G50=G51)),IF($F$1:F50=G51,$N$1:N50,$O$1:O50)),1000))))} | J51: =IF(C51="","",1/(1+10^((I51-H51)/400))) | K51: =IF(C51="","",IF(C51="Match",IF(INDEX('Match Log'!$D:$D,D51)="Win",1,IF(INDEX('Match Log'!$D:$D,D51)="Draw",0.5,0)),IF(C51="Tournament",INDEX('Tournament Log'!$K:$K,E51),IF(INDEX('Guest Log'!$C:$C,Q51)="Win",1,IF(INDEX('Guest Log'!$C:$C,Q51)="Draw",0.5,0))))) | L51: =IF(C51="","",IF(C51="Match",32,IF(C51="Tournament",MIN(32*INDEX('Tournament Log'!$D:$D,E51),96),32))) | M51: =IF(C51="","",ROUND(L51*(K51-J51),0)) | N51: =IF(C51="","",H51+M51) | O51: =IF(C51="","",IF(C51="Match",I51-M51,"")) | P51: =IF(C51="Tournament",INDEX('Tournament Log'!$B:$B,E51),IF(C51="Guest","Guest: "&INDEX('Guest Log'!$H:$H,Q51),"")) | Q51: =IFERROR(MATCH($A51,'Guest Log'!$L$4:$L$203,0)+3,"")
A52: =51 -> 51 | B52: =IF(C52="","",IF(C52="Match",INDEX('Match Log'!$A:$A,D52),IF(C52="Tournament",INDEX('Tournament Log'!$A:$A,E52),INDEX('Guest Log'!$A:$A,Q52)))) | C52: =IF(D52<>"","Match",IF(E52<>"","Tournament",IF(Q52<>"","Guest",""))) | D52: =IFERROR(MATCH($A52,'Match Log'!$K$3:$K$501,0)+2,"") | E52: =IFERROR(MATCH($A52,'Tournament Log'!$O$4:$O$203,0)+3,"") | F52: =IF(C52="","",IF(C52="Match",INDEX('Match Log'!$B:$B,D52),IF(C52="Tournament",INDEX('Tournament Log'!$C:$C,E52),INDEX('Guest Log'!$B:$B,Q52)))) | G52: =IF(C52="","",IF(C52="Match",INDEX('Match Log'!$C:$C,D52),IF(C52="Tournament",INDEX('Tournament Log'!$B:$B,E52)&" (Phantom)",INDEX('Guest Log'!$H:$H,Q52)&" (Guest)"))) | H52: {=IF(C52="","",IFERROR(LOOKUP(2,1/(($F$1:F51=F52)+($G$1:G51=F52)),IF($F$1:F51=F52,$N$1:N51,$O$1:O51)),1000))} | I52: {=IF(C52="","",IF(C52="Tournament",INDEX('Tournament Log'!$J:$J,E52),IF(C52="Guest",IF(INDEX('Guest Log'!$I:$I,Q52)="",1000,INDEX('Guest Log'!$I:$I,Q52)),IFERROR(LOOKUP(2,1/(($F$1:F51=G52)+($G$1:G51=G52)),IF($F$1:F51=G52,$N$1:N51,$O$1:O51)),1000))))} | J52: =IF(C52="","",1/(1+10^((I52-H52)/400))) | K52: =IF(C52="","",IF(C52="Match",IF(INDEX('Match Log'!$D:$D,D52)="Win",1,IF(INDEX('Match Log'!$D:$D,D52)="Draw",0.5,0)),IF(C52="Tournament",INDEX('Tournament Log'!$K:$K,E52),IF(INDEX('Guest Log'!$C:$C,Q52)="Win",1,IF(INDEX('Guest Log'!$C:$C,Q52)="Draw",0.5,0))))) | L52: =IF(C52="","",IF(C52="Match",32,IF(C52="Tournament",MIN(32*INDEX('Tournament Log'!$D:$D,E52),96),32))) | M52: =IF(C52="","",ROUND(L52*(K52-J52),0)) | N52: =IF(C52="","",H52+M52) | O52: =IF(C52="","",IF(C52="Match",I52-M52,"")) | P52: =IF(C52="Tournament",INDEX('Tournament Log'!$B:$B,E52),IF(C52="Guest","Guest: "&INDEX('Guest Log'!$H:$H,Q52),"")) | Q52: =IFERROR(MATCH($A52,'Guest Log'!$L$4:$L$203,0)+3,"")
A53: =52 -> 52 | B53: =IF(C53="","",IF(C53="Match",INDEX('Match Log'!$A:$A,D53),IF(C53="Tournament",INDEX('Tournament Log'!$A:$A,E53),INDEX('Guest Log'!$A:$A,Q53)))) | C53: =IF(D53<>"","Match",IF(E53<>"","Tournament",IF(Q53<>"","Guest",""))) | D53: =IFERROR(MATCH($A53,'Match Log'!$K$3:$K$501,0)+2,"") | E53: =IFERROR(MATCH($A53,'Tournament Log'!$O$4:$O$203,0)+3,"") | F53: =IF(C53="","",IF(C53="Match",INDEX('Match Log'!$B:$B,D53),IF(C53="Tournament",INDEX('Tournament Log'!$C:$C,E53),INDEX('Guest Log'!$B:$B,Q53)))) | G53: =IF(C53="","",IF(C53="Match",INDEX('Match Log'!$C:$C,D53),IF(C53="Tournament",INDEX('Tournament Log'!$B:$B,E53)&" (Phantom)",INDEX('Guest Log'!$H:$H,Q53)&" (Guest)"))) | H53: {=IF(C53="","",IFERROR(LOOKUP(2,1/(($F$1:F52=F53)+($G$1:G52=F53)),IF($F$1:F52=F53,$N$1:N52,$O$1:O52)),1000))} | I53: {=IF(C53="","",IF(C53="Tournament",INDEX('Tournament Log'!$J:$J,E53),IF(C53="Guest",IF(INDEX('Guest Log'!$I:$I,Q53)="",1000,INDEX('Guest Log'!$I:$I,Q53)),IFERROR(LOOKUP(2,1/(($F$1:F52=G53)+($G$1:G52=G53)),IF($F$1:F52=G53,$N$1:N52,$O$1:O52)),1000))))} | J53: =IF(C53="","",1/(1+10^((I53-H53)/400))) | K53: =IF(C53="","",IF(C53="Match",IF(INDEX('Match Log'!$D:$D,D53)="Win",1,IF(INDEX('Match Log'!$D:$D,D53)="Draw",0.5,0)),IF(C53="Tournament",INDEX('Tournament Log'!$K:$K,E53),IF(INDEX('Guest Log'!$C:$C,Q53)="Win",1,IF(INDEX('Guest Log'!$C:$C,Q53)="Draw",0.5,0))))) | L53: =IF(C53="","",IF(C53="Match",32,IF(C53="Tournament",MIN(32*INDEX('Tournament Log'!$D:$D,E53),96),32))) | M53: =IF(C53="","",ROUND(L53*(K53-J53),0)) | N53: =IF(C53="","",H53+M53) | O53: =IF(C53="","",IF(C53="Match",I53-M53,"")) | P53: =IF(C53="Tournament",INDEX('Tournament Log'!$B:$B,E53),IF(C53="Guest","Guest: "&INDEX('Guest Log'!$H:$H,Q53),"")) | Q53: =IFERROR(MATCH($A53,'Guest Log'!$L$4:$L$203,0)+3,"")
A54: =53 -> 53 | B54: =IF(C54="","",IF(C54="Match",INDEX('Match Log'!$A:$A,D54),IF(C54="Tournament",INDEX('Tournament Log'!$A:$A,E54),INDEX('Guest Log'!$A:$A,Q54)))) | C54: =IF(D54<>"","Match",IF(E54<>"","Tournament",IF(Q54<>"","Guest",""))) | D54: =IFERROR(MATCH($A54,'Match Log'!$K$3:$K$501,0)+2,"") | E54: =IFERROR(MATCH($A54,'Tournament Log'!$O$4:$O$203,0)+3,"") | F54: =IF(C54="","",IF(C54="Match",INDEX('Match Log'!$B:$B,D54),IF(C54="Tournament",INDEX('Tournament Log'!$C:$C,E54),INDEX('Guest Log'!$B:$B,Q54)))) | G54: =IF(C54="","",IF(C54="Match",INDEX('Match Log'!$C:$C,D54),IF(C54="Tournament",INDEX('Tournament Log'!$B:$B,E54)&" (Phantom)",INDEX('Guest Log'!$H:$H,Q54)&" (Guest)"))) | H54: {=IF(C54="","",IFERROR(LOOKUP(2,1/(($F$1:F53=F54)+($G$1:G53=F54)),IF($F$1:F53=F54,$N$1:N53,$O$1:O53)),1000))} | I54: {=IF(C54="","",IF(C54="Tournament",INDEX('Tournament Log'!$J:$J,E54),IF(C54="Guest",IF(INDEX('Guest Log'!$I:$I,Q54)="",1000,INDEX('Guest Log'!$I:$I,Q54)),IFERROR(LOOKUP(2,1/(($F$1:F53=G54)+($G$1:G53=G54)),IF($F$1:F53=G54,$N$1:N53,$O$1:O53)),1000))))} | J54: =IF(C54="","",1/(1+10^((I54-H54)/400))) | K54: =IF(C54="","",IF(C54="Match",IF(INDEX('Match Log'!$D:$D,D54)="Win",1,IF(INDEX('Match Log'!$D:$D,D54)="Draw",0.5,0)),IF(C54="Tournament",INDEX('Tournament Log'!$K:$K,E54),IF(INDEX('Guest Log'!$C:$C,Q54)="Win",1,IF(INDEX('Guest Log'!$C:$C,Q54)="Draw",0.5,0))))) | L54: =IF(C54="","",IF(C54="Match",32,IF(C54="Tournament",MIN(32*INDEX('Tournament Log'!$D:$D,E54),96),32))) | M54: =IF(C54="","",ROUND(L54*(K54-J54),0)) | N54: =IF(C54="","",H54+M54) | O54: =IF(C54="","",IF(C54="Match",I54-M54,"")) | P54: =IF(C54="Tournament",INDEX('Tournament Log'!$B:$B,E54),IF(C54="Guest","Guest: "&INDEX('Guest Log'!$H:$H,Q54),"")) | Q54: =IFERROR(MATCH($A54,'Guest Log'!$L$4:$L$203,0)+3,"")
A55: =54 -> 54 | B55: =IF(C55="","",IF(C55="Match",INDEX('Match Log'!$A:$A,D55),IF(C55="Tournament",INDEX('Tournament Log'!$A:$A,E55),INDEX('Guest Log'!$A:$A,Q55)))) | C55: =IF(D55<>"","Match",IF(E55<>"","Tournament",IF(Q55<>"","Guest",""))) | D55: =IFERROR(MATCH($A55,'Match Log'!$K$3:$K$501,0)+2,"") | E55: =IFERROR(MATCH($A55,'Tournament Log'!$O$4:$O$203,0)+3,"") | F55: =IF(C55="","",IF(C55="Match",INDEX('Match Log'!$B:$B,D55),IF(C55="Tournament",INDEX('Tournament Log'!$C:$C,E55),INDEX('Guest Log'!$B:$B,Q55)))) | G55: =IF(C55="","",IF(C55="Match",INDEX('Match Log'!$C:$C,D55),IF(C55="Tournament",INDEX('Tournament Log'!$B:$B,E55)&" (Phantom)",INDEX('Guest Log'!$H:$H,Q55)&" (Guest)"))) | H55: {=IF(C55="","",IFERROR(LOOKUP(2,1/(($F$1:F54=F55)+($G$1:G54=F55)),IF($F$1:F54=F55,$N$1:N54,$O$1:O54)),1000))} | I55: {=IF(C55="","",IF(C55="Tournament",INDEX('Tournament Log'!$J:$J,E55),IF(C55="Guest",IF(INDEX('Guest Log'!$I:$I,Q55)="",1000,INDEX('Guest Log'!$I:$I,Q55)),IFERROR(LOOKUP(2,1/(($F$1:F54=G55)+($G$1:G54=G55)),IF($F$1:F54=G55,$N$1:N54,$O$1:O54)),1000))))} | J55: =IF(C55="","",1/(1+10^((I55-H55)/400))) | K55: =IF(C55="","",IF(C55="Match",IF(INDEX('Match Log'!$D:$D,D55)="Win",1,IF(INDEX('Match Log'!$D:$D,D55)="Draw",0.5,0)),IF(C55="Tournament",INDEX('Tournament Log'!$K:$K,E55),IF(INDEX('Guest Log'!$C:$C,Q55)="Win",1,IF(INDEX('Guest Log'!$C:$C,Q55)="Draw",0.5,0))))) | L55: =IF(C55="","",IF(C55="Match",32,IF(C55="Tournament",MIN(32*INDEX('Tournament Log'!$D:$D,E55),96),32))) | M55: =IF(C55="","",ROUND(L55*(K55-J55),0)) | N55: =IF(C55="","",H55+M55) | O55: =IF(C55="","",IF(C55="Match",I55-M55,"")) | P55: =IF(C55="Tournament",INDEX('Tournament Log'!$B:$B,E55),IF(C55="Guest","Guest: "&INDEX('Guest Log'!$H:$H,Q55),"")) | Q55: =IFERROR(MATCH($A55,'Guest Log'!$L$4:$L$203,0)+3,"")
A56: =55 -> 55 | B56: =IF(C56="","",IF(C56="Match",INDEX('Match Log'!$A:$A,D56),IF(C56="Tournament",INDEX('Tournament Log'!$A:$A,E56),INDEX('Guest Log'!$A:$A,Q56)))) | C56: =IF(D56<>"","Match",IF(E56<>"","Tournament",IF(Q56<>"","Guest",""))) | D56: =IFERROR(MATCH($A56,'Match Log'!$K$3:$K$501,0)+2,"") | E56: =IFERROR(MATCH($A56,'Tournament Log'!$O$4:$O$203,0)+3,"") | F56: =IF(C56="","",IF(C56="Match",INDEX('Match Log'!$B:$B,D56),IF(C56="Tournament",INDEX('Tournament Log'!$C:$C,E56),INDEX('Guest Log'!$B:$B,Q56)))) | G56: =IF(C56="","",IF(C56="Match",INDEX('Match Log'!$C:$C,D56),IF(C56="Tournament",INDEX('Tournament Log'!$B:$B,E56)&" (Phantom)",INDEX('Guest Log'!$H:$H,Q56)&" (Guest)"))) | H56: {=IF(C56="","",IFERROR(LOOKUP(2,1/(($F$1:F55=F56)+($G$1:G55=F56)),IF($F$1:F55=F56,$N$1:N55,$O$1:O55)),1000))} | I56: {=IF(C56="","",IF(C56="Tournament",INDEX('Tournament Log'!$J:$J,E56),IF(C56="Guest",IF(INDEX('Guest Log'!$I:$I,Q56)="",1000,INDEX('Guest Log'!$I:$I,Q56)),IFERROR(LOOKUP(2,1/(($F$1:F55=G56)+($G$1:G55=G56)),IF($F$1:F55=G56,$N$1:N55,$O$1:O55)),1000))))} | J56: =IF(C56="","",1/(1+10^((I56-H56)/400))) | K56: =IF(C56="","",IF(C56="Match",IF(INDEX('Match Log'!$D:$D,D56)="Win",1,IF(INDEX('Match Log'!$D:$D,D56)="Draw",0.5,0)),IF(C56="Tournament",INDEX('Tournament Log'!$K:$K,E56),IF(INDEX('Guest Log'!$C:$C,Q56)="Win",1,IF(INDEX('Guest Log'!$C:$C,Q56)="Draw",0.5,0))))) | L56: =IF(C56="","",IF(C56="Match",32,IF(C56="Tournament",MIN(32*INDEX('Tournament Log'!$D:$D,E56),96),32))) | M56: =IF(C56="","",ROUND(L56*(K56-J56),0)) | N56: =IF(C56="","",H56+M56) | O56: =IF(C56="","",IF(C56="Match",I56-M56,"")) | P56: =IF(C56="Tournament",INDEX('Tournament Log'!$B:$B,E56),IF(C56="Guest","Guest: "&INDEX('Guest Log'!$H:$H,Q56),"")) | Q56: =IFERROR(MATCH($A56,'Guest Log'!$L$4:$L$203,0)+3,"")
A57: =56 -> 56 | B57: =IF(C57="","",IF(C57="Match",INDEX('Match Log'!$A:$A,D57),IF(C57="Tournament",INDEX('Tournament Log'!$A:$A,E57),INDEX('Guest Log'!$A:$A,Q57)))) | C57: =IF(D57<>"","Match",IF(E57<>"","Tournament",IF(Q57<>"","Guest",""))) | D57: =IFERROR(MATCH($A57,'Match Log'!$K$3:$K$501,0)+2,"") | E57: =IFERROR(MATCH($A57,'Tournament Log'!$O$4:$O$203,0)+3,"") | F57: =IF(C57="","",IF(C57="Match",INDEX('Match Log'!$B:$B,D57),IF(C57="Tournament",INDEX('Tournament Log'!$C:$C,E57),INDEX('Guest Log'!$B:$B,Q57)))) | G57: =IF(C57="","",IF(C57="Match",INDEX('Match Log'!$C:$C,D57),IF(C57="Tournament",INDEX('Tournament Log'!$B:$B,E57)&" (Phantom)",INDEX('Guest Log'!$H:$H,Q57)&" (Guest)"))) | H57: {=IF(C57="","",IFERROR(LOOKUP(2,1/(($F$1:F56=F57)+($G$1:G56=F57)),IF($F$1:F56=F57,$N$1:N56,$O$1:O56)),1000))} | I57: {=IF(C57="","",IF(C57="Tournament",INDEX('Tournament Log'!$J:$J,E57),IF(C57="Guest",IF(INDEX('Guest Log'!$I:$I,Q57)="",1000,INDEX('Guest Log'!$I:$I,Q57)),IFERROR(LOOKUP(2,1/(($F$1:F56=G57)+($G$1:G56=G57)),IF($F$1:F56=G57,$N$1:N56,$O$1:O56)),1000))))} | J57: =IF(C57="","",1/(1+10^((I57-H57)/400))) | K57: =IF(C57="","",IF(C57="Match",IF(INDEX('Match Log'!$D:$D,D57)="Win",1,IF(INDEX('Match Log'!$D:$D,D57)="Draw",0.5,0)),IF(C57="Tournament",INDEX('Tournament Log'!$K:$K,E57),IF(INDEX('Guest Log'!$C:$C,Q57)="Win",1,IF(INDEX('Guest Log'!$C:$C,Q57)="Draw",0.5,0))))) | L57: =IF(C57="","",IF(C57="Match",32,IF(C57="Tournament",MIN(32*INDEX('Tournament Log'!$D:$D,E57),96),32))) | M57: =IF(C57="","",ROUND(L57*(K57-J57),0)) | N57: =IF(C57="","",H57+M57) | O57: =IF(C57="","",IF(C57="Match",I57-M57,"")) | P57: =IF(C57="Tournament",INDEX('Tournament Log'!$B:$B,E57),IF(C57="Guest","Guest: "&INDEX('Guest Log'!$H:$H,Q57),"")) | Q57: =IFERROR(MATCH($A57,'Guest Log'!$L$4:$L$203,0)+3,"")
A58: =57 -> 57 | B58: =IF(C58="","",IF(C58="Match",INDEX('Match Log'!$A:$A,D58),IF(C58="Tournament",INDEX('Tournament Log'!$A:$A,E58),INDEX('Guest Log'!$A:$A,Q58)))) | C58: =IF(D58<>"","Match",IF(E58<>"","Tournament",IF(Q58<>"","Guest",""))) | D58: =IFERROR(MATCH($A58,'Match Log'!$K$3:$K$501,0)+2,"") | E58: =IFERROR(MATCH($A58,'Tournament Log'!$O$4:$O$203,0)+3,"") | F58: =IF(C58="","",IF(C58="Match",INDEX('Match Log'!$B:$B,D58),IF(C58="Tournament",INDEX('Tournament Log'!$C:$C,E58),INDEX('Guest Log'!$B:$B,Q58)))) | G58: =IF(C58="","",IF(C58="Match",INDEX('Match Log'!$C:$C,D58),IF(C58="Tournament",INDEX('Tournament Log'!$B:$B,E58)&" (Phantom)",INDEX('Guest Log'!$H:$H,Q58)&" (Guest)"))) | H58: {=IF(C58="","",IFERROR(LOOKUP(2,1/(($F$1:F57=F58)+($G$1:G57=F58)),IF($F$1:F57=F58,$N$1:N57,$O$1:O57)),1000))} | I58: {=IF(C58="","",IF(C58="Tournament",INDEX('Tournament Log'!$J:$J,E58),IF(C58="Guest",IF(INDEX('Guest Log'!$I:$I,Q58)="",1000,INDEX('Guest Log'!$I:$I,Q58)),IFERROR(LOOKUP(2,1/(($F$1:F57=G58)+($G$1:G57=G58)),IF($F$1:F57=G58,$N$1:N57,$O$1:O57)),1000))))} | J58: =IF(C58="","",1/(1+10^((I58-H58)/400))) | K58: =IF(C58="","",IF(C58="Match",IF(INDEX('Match Log'!$D:$D,D58)="Win",1,IF(INDEX('Match Log'!$D:$D,D58)="Draw",0.5,0)),IF(C58="Tournament",INDEX('Tournament Log'!$K:$K,E58),IF(INDEX('Guest Log'!$C:$C,Q58)="Win",1,IF(INDEX('Guest Log'!$C:$C,Q58)="Draw",0.5,0))))) | L58: =IF(C58="","",IF(C58="Match",32,IF(C58="Tournament",MIN(32*INDEX('Tournament Log'!$D:$D,E58),96),32))) | M58: =IF(C58="","",ROUND(L58*(K58-J58),0)) | N58: =IF(C58="","",H58+M58) | O58: =IF(C58="","",IF(C58="Match",I58-M58,"")) | P58: =IF(C58="Tournament",INDEX('Tournament Log'!$B:$B,E58),IF(C58="Guest","Guest: "&INDEX('Guest Log'!$H:$H,Q58),"")) | Q58: =IFERROR(MATCH($A58,'Guest Log'!$L$4:$L$203,0)+3,"")
A59: =58 -> 58 | B59: =IF(C59="","",IF(C59="Match",INDEX('Match Log'!$A:$A,D59),IF(C59="Tournament",INDEX('Tournament Log'!$A:$A,E59),INDEX('Guest Log'!$A:$A,Q59)))) | C59: =IF(D59<>"","Match",IF(E59<>"","Tournament",IF(Q59<>"","Guest",""))) | D59: =IFERROR(MATCH($A59,'Match Log'!$K$3:$K$501,0)+2,"") | E59: =IFERROR(MATCH($A59,'Tournament Log'!$O$4:$O$203,0)+3,"") | F59: =IF(C59="","",IF(C59="Match",INDEX('Match Log'!$B:$B,D59),IF(C59="Tournament",INDEX('Tournament Log'!$C:$C,E59),INDEX('Guest Log'!$B:$B,Q59)))) | G59: =IF(C59="","",IF(C59="Match",INDEX('Match Log'!$C:$C,D59),IF(C59="Tournament",INDEX('Tournament Log'!$B:$B,E59)&" (Phantom)",INDEX('Guest Log'!$H:$H,Q59)&" (Guest)"))) | H59: {=IF(C59="","",IFERROR(LOOKUP(2,1/(($F$1:F58=F59)+($G$1:G58=F59)),IF($F$1:F58=F59,$N$1:N58,$O$1:O58)),1000))} | I59: {=IF(C59="","",IF(C59="Tournament",INDEX('Tournament Log'!$J:$J,E59),IF(C59="Guest",IF(INDEX('Guest Log'!$I:$I,Q59)="",1000,INDEX('Guest Log'!$I:$I,Q59)),IFERROR(LOOKUP(2,1/(($F$1:F58=G59)+($G$1:G58=G59)),IF($F$1:F58=G59,$N$1:N58,$O$1:O58)),1000))))} | J59: =IF(C59="","",1/(1+10^((I59-H59)/400))) | K59: =IF(C59="","",IF(C59="Match",IF(INDEX('Match Log'!$D:$D,D59)="Win",1,IF(INDEX('Match Log'!$D:$D,D59)="Draw",0.5,0)),IF(C59="Tournament",INDEX('Tournament Log'!$K:$K,E59),IF(INDEX('Guest Log'!$C:$C,Q59)="Win",1,IF(INDEX('Guest Log'!$C:$C,Q59)="Draw",0.5,0))))) | L59: =IF(C59="","",IF(C59="Match",32,IF(C59="Tournament",MIN(32*INDEX('Tournament Log'!$D:$D,E59),96),32))) | M59: =IF(C59="","",ROUND(L59*(K59-J59),0)) | N59: =IF(C59="","",H59+M59) | O59: =IF(C59="","",IF(C59="Match",I59-M59,"")) | P59: =IF(C59="Tournament",INDEX('Tournament Log'!$B:$B,E59),IF(C59="Guest","Guest: "&INDEX('Guest Log'!$H:$H,Q59),"")) | Q59: =IFERROR(MATCH($A59,'Guest Log'!$L$4:$L$203,0)+3,"")
A60: =59 -> 59 | B60: =IF(C60="","",IF(C60="Match",INDEX('Match Log'!$A:$A,D60),IF(C60="Tournament",INDEX('Tournament Log'!$A:$A,E60),INDEX('Guest Log'!$A:$A,Q60)))) | C60: =IF(D60<>"","Match",IF(E60<>"","Tournament",IF(Q60<>"","Guest",""))) | D60: =IFERROR(MATCH($A60,'Match Log'!$K$3:$K$501,0)+2,"") | E60: =IFERROR(MATCH($A60,'Tournament Log'!$O$4:$O$203,0)+3,"") | F60: =IF(C60="","",IF(C60="Match",INDEX('Match Log'!$B:$B,D60),IF(C60="Tournament",INDEX('Tournament Log'!$C:$C,E60),INDEX('Guest Log'!$B:$B,Q60)))) | G60: =IF(C60="","",IF(C60="Match",INDEX('Match Log'!$C:$C,D60),IF(C60="Tournament",INDEX('Tournament Log'!$B:$B,E60)&" (Phantom)",INDEX('Guest Log'!$H:$H,Q60)&" (Guest)"))) | H60: {=IF(C60="","",IFERROR(LOOKUP(2,1/(($F$1:F59=F60)+($G$1:G59=F60)),IF($F$1:F59=F60,$N$1:N59,$O$1:O59)),1000))} | I60: {=IF(C60="","",IF(C60="Tournament",INDEX('Tournament Log'!$J:$J,E60),IF(C60="Guest",IF(INDEX('Guest Log'!$I:$I,Q60)="",1000,INDEX('Guest Log'!$I:$I,Q60)),IFERROR(LOOKUP(2,1/(($F$1:F59=G60)+($G$1:G59=G60)),IF($F$1:F59=G60,$N$1:N59,$O$1:O59)),1000))))} | J60: =IF(C60="","",1/(1+10^((I60-H60)/400))) | K60: =IF(C60="","",IF(C60="Match",IF(INDEX('Match Log'!$D:$D,D60)="Win",1,IF(INDEX('Match Log'!$D:$D,D60)="Draw",0.5,0)),IF(C60="Tournament",INDEX('Tournament Log'!$K:$K,E60),IF(INDEX('Guest Log'!$C:$C,Q60)="Win",1,IF(INDEX('Guest Log'!$C:$C,Q60)="Draw",0.5,0))))) | L60: =IF(C60="","",IF(C60="Match",32,IF(C60="Tournament",MIN(32*INDEX('Tournament Log'!$D:$D,E60),96),32))) | M60: =IF(C60="","",ROUND(L60*(K60-J60),0)) | N60: =IF(C60="","",H60+M60) | O60: =IF(C60="","",IF(C60="Match",I60-M60,"")) | P60: =IF(C60="Tournament",INDEX('Tournament Log'!$B:$B,E60),IF(C60="Guest","Guest: "&INDEX('Guest Log'!$H:$H,Q60),"")) | Q60: =IFERROR(MATCH($A60,'Guest Log'!$L$4:$L$203,0)+3,"")
A61: =60 -> 60 | B61: =IF(C61="","",IF(C61="Match",INDEX('Match Log'!$A:$A,D61),IF(C61="Tournament",INDEX('Tournament Log'!$A:$A,E61),INDEX('Guest Log'!$A:$A,Q61)))) | C61: =IF(D61<>"","Match",IF(E61<>"","Tournament",IF(Q61<>"","Guest",""))) | D61: =IFERROR(MATCH($A61,'Match Log'!$K$3:$K$501,0)+2,"") | E61: =IFERROR(MATCH($A61,'Tournament Log'!$O$4:$O$203,0)+3,"") | F61: =IF(C61="","",IF(C61="Match",INDEX('Match Log'!$B:$B,D61),IF(C61="Tournament",INDEX('Tournament Log'!$C:$C,E61),INDEX('Guest Log'!$B:$B,Q61)))) | G61: =IF(C61="","",IF(C61="Match",INDEX('Match Log'!$C:$C,D61),IF(C61="Tournament",INDEX('Tournament Log'!$B:$B,E61)&" (Phantom)",INDEX('Guest Log'!$H:$H,Q61)&" (Guest)"))) | H61: {=IF(C61="","",IFERROR(LOOKUP(2,1/(($F$1:F60=F61)+($G$1:G60=F61)),IF($F$1:F60=F61,$N$1:N60,$O$1:O60)),1000))} | I61: {=IF(C61="","",IF(C61="Tournament",INDEX('Tournament Log'!$J:$J,E61),IF(C61="Guest",IF(INDEX('Guest Log'!$I:$I,Q61)="",1000,INDEX('Guest Log'!$I:$I,Q61)),IFERROR(LOOKUP(2,1/(($F$1:F60=G61)+($G$1:G60=G61)),IF($F$1:F60=G61,$N$1:N60,$O$1:O60)),1000))))} | J61: =IF(C61="","",1/(1+10^((I61-H61)/400))) | K61: =IF(C61="","",IF(C61="Match",IF(INDEX('Match Log'!$D:$D,D61)="Win",1,IF(INDEX('Match Log'!$D:$D,D61)="Draw",0.5,0)),IF(C61="Tournament",INDEX('Tournament Log'!$K:$K,E61),IF(INDEX('Guest Log'!$C:$C,Q61)="Win",1,IF(INDEX('Guest Log'!$C:$C,Q61)="Draw",0.5,0))))) | L61: =IF(C61="","",IF(C61="Match",32,IF(C61="Tournament",MIN(32*INDEX('Tournament Log'!$D:$D,E61),96),32))) | M61: =IF(C61="","",ROUND(L61*(K61-J61),0)) | N61: =IF(C61="","",H61+M61) | O61: =IF(C61="","",IF(C61="Match",I61-M61,"")) | P61: =IF(C61="Tournament",INDEX('Tournament Log'!$B:$B,E61),IF(C61="Guest","Guest: "&INDEX('Guest Log'!$H:$H,Q61),"")) | Q61: =IFERROR(MATCH($A61,'Guest Log'!$L$4:$L$203,0)+3,"")
A62: =61 -> 61 | B62: =IF(C62="","",IF(C62="Match",INDEX('Match Log'!$A:$A,D62),IF(C62="Tournament",INDEX('Tournament Log'!$A:$A,E62),INDEX('Guest Log'!$A:$A,Q62)))) | C62: =IF(D62<>"","Match",IF(E62<>"","Tournament",IF(Q62<>"","Guest",""))) | D62: =IFERROR(MATCH($A62,'Match Log'!$K$3:$K$501,0)+2,"") | E62: =IFERROR(MATCH($A62,'Tournament Log'!$O$4:$O$203,0)+3,"") | F62: =IF(C62="","",IF(C62="Match",INDEX('Match Log'!$B:$B,D62),IF(C62="Tournament",INDEX('Tournament Log'!$C:$C,E62),INDEX('Guest Log'!$B:$B,Q62)))) | G62: =IF(C62="","",IF(C62="Match",INDEX('Match Log'!$C:$C,D62),IF(C62="Tournament",INDEX('Tournament Log'!$B:$B,E62)&" (Phantom)",INDEX('Guest Log'!$H:$H,Q62)&" (Guest)"))) | H62: {=IF(C62="","",IFERROR(LOOKUP(2,1/(($F$1:F61=F62)+($G$1:G61=F62)),IF($F$1:F61=F62,$N$1:N61,$O$1:O61)),1000))} | I62: {=IF(C62="","",IF(C62="Tournament",INDEX('Tournament Log'!$J:$J,E62),IF(C62="Guest",IF(INDEX('Guest Log'!$I:$I,Q62)="",1000,INDEX('Guest Log'!$I:$I,Q62)),IFERROR(LOOKUP(2,1/(($F$1:F61=G62)+($G$1:G61=G62)),IF($F$1:F61=G62,$N$1:N61,$O$1:O61)),1000))))} | J62: =IF(C62="","",1/(1+10^((I62-H62)/400))) | K62: =IF(C62="","",IF(C62="Match",IF(INDEX('Match Log'!$D:$D,D62)="Win",1,IF(INDEX('Match Log'!$D:$D,D62)="Draw",0.5,0)),IF(C62="Tournament",INDEX('Tournament Log'!$K:$K,E62),IF(INDEX('Guest Log'!$C:$C,Q62)="Win",1,IF(INDEX('Guest Log'!$C:$C,Q62)="Draw",0.5,0))))) | L62: =IF(C62="","",IF(C62="Match",32,IF(C62="Tournament",MIN(32*INDEX('Tournament Log'!$D:$D,E62),96),32))) | M62: =IF(C62="","",ROUND(L62*(K62-J62),0)) | N62: =IF(C62="","",H62+M62) | O62: =IF(C62="","",IF(C62="Match",I62-M62,"")) | P62: =IF(C62="Tournament",INDEX('Tournament Log'!$B:$B,E62),IF(C62="Guest","Guest: "&INDEX('Guest Log'!$H:$H,Q62),"")) | Q62: =IFERROR(MATCH($A62,'Guest Log'!$L$4:$L$203,0)+3,"")
A63: =62 -> 62 | B63: =IF(C63="","",IF(C63="Match",INDEX('Match Log'!$A:$A,D63),IF(C63="Tournament",INDEX('Tournament Log'!$A:$A,E63),INDEX('Guest Log'!$A:$A,Q63)))) | C63: =IF(D63<>"","Match",IF(E63<>"","Tournament",IF(Q63<>"","Guest",""))) | D63: =IFERROR(MATCH($A63,'Match Log'!$K$3:$K$501,0)+2,"") | E63: =IFERROR(MATCH($A63,'Tournament Log'!$O$4:$O$203,0)+3,"") | F63: =IF(C63="","",IF(C63="Match",INDEX('Match Log'!$B:$B,D63),IF(C63="Tournament",INDEX('Tournament Log'!$C:$C,E63),INDEX('Guest Log'!$B:$B,Q63)))) | G63: =IF(C63="","",IF(C63="Match",INDEX('Match Log'!$C:$C,D63),IF(C63="Tournament",INDEX('Tournament Log'!$B:$B,E63)&" (Phantom)",INDEX('Guest Log'!$H:$H,Q63)&" (Guest)"))) | H63: {=IF(C63="","",IFERROR(LOOKUP(2,1/(($F$1:F62=F63)+($G$1:G62=F63)),IF($F$1:F62=F63,$N$1:N62,$O$1:O62)),1000))} | I63: {=IF(C63="","",IF(C63="Tournament",INDEX('Tournament Log'!$J:$J,E63),IF(C63="Guest",IF(INDEX('Guest Log'!$I:$I,Q63)="",1000,INDEX('Guest Log'!$I:$I,Q63)),IFERROR(LOOKUP(2,1/(($F$1:F62=G63)+($G$1:G62=G63)),IF($F$1:F62=G63,$N$1:N62,$O$1:O62)),1000))))} | J63: =IF(C63="","",1/(1+10^((I63-H63)/400))) | K63: =IF(C63="","",IF(C63="Match",IF(INDEX('Match Log'!$D:$D,D63)="Win",1,IF(INDEX('Match Log'!$D:$D,D63)="Draw",0.5,0)),IF(C63="Tournament",INDEX('Tournament Log'!$K:$K,E63),IF(INDEX('Guest Log'!$C:$C,Q63)="Win",1,IF(INDEX('Guest Log'!$C:$C,Q63)="Draw",0.5,0))))) | L63: =IF(C63="","",IF(C63="Match",32,IF(C63="Tournament",MIN(32*INDEX('Tournament Log'!$D:$D,E63),96),32))) | M63: =IF(C63="","",ROUND(L63*(K63-J63),0)) | N63: =IF(C63="","",H63+M63) | O63: =IF(C63="","",IF(C63="Match",I63-M63,"")) | P63: =IF(C63="Tournament",INDEX('Tournament Log'!$B:$B,E63),IF(C63="Guest","Guest: "&INDEX('Guest Log'!$H:$H,Q63),"")) | Q63: =IFERROR(MATCH($A63,'Guest Log'!$L$4:$L$203,0)+3,"")
A64: =63 -> 63 | B64: =IF(C64="","",IF(C64="Match",INDEX('Match Log'!$A:$A,D64),IF(C64="Tournament",INDEX('Tournament Log'!$A:$A,E64),INDEX('Guest Log'!$A:$A,Q64)))) | C64: =IF(D64<>"","Match",IF(E64<>"","Tournament",IF(Q64<>"","Guest",""))) | D64: =IFERROR(MATCH($A64,'Match Log'!$K$3:$K$501,0)+2,"") | E64: =IFERROR(MATCH($A64,'Tournament Log'!$O$4:$O$203,0)+3,"") | F64: =IF(C64="","",IF(C64="Match",INDEX('Match Log'!$B:$B,D64),IF(C64="Tournament",INDEX('Tournament Log'!$C:$C,E64),INDEX('Guest Log'!$B:$B,Q64)))) | G64: =IF(C64="","",IF(C64="Match",INDEX('Match Log'!$C:$C,D64),IF(C64="Tournament",INDEX('Tournament Log'!$B:$B,E64)&" (Phantom)",INDEX('Guest Log'!$H:$H,Q64)&" (Guest)"))) | H64: {=IF(C64="","",IFERROR(LOOKUP(2,1/(($F$1:F63=F64)+($G$1:G63=F64)),IF($F$1:F63=F64,$N$1:N63,$O$1:O63)),1000))} | I64: {=IF(C64="","",IF(C64="Tournament",INDEX('Tournament Log'!$J:$J,E64),IF(C64="Guest",IF(INDEX('Guest Log'!$I:$I,Q64)="",1000,INDEX('Guest Log'!$I:$I,Q64)),IFERROR(LOOKUP(2,1/(($F$1:F63=G64)+($G$1:G63=G64)),IF($F$1:F63=G64,$N$1:N63,$O$1:O63)),1000))))} | J64: =IF(C64="","",1/(1+10^((I64-H64)/400))) | K64: =IF(C64="","",IF(C64="Match",IF(INDEX('Match Log'!$D:$D,D64)="Win",1,IF(INDEX('Match Log'!$D:$D,D64)="Draw",0.5,0)),IF(C64="Tournament",INDEX('Tournament Log'!$K:$K,E64),IF(INDEX('Guest Log'!$C:$C,Q64)="Win",1,IF(INDEX('Guest Log'!$C:$C,Q64)="Draw",0.5,0))))) | L64: =IF(C64="","",IF(C64="Match",32,IF(C64="Tournament",MIN(32*INDEX('Tournament Log'!$D:$D,E64),96),32))) | M64: =IF(C64="","",ROUND(L64*(K64-J64),0)) | N64: =IF(C64="","",H64+M64) | O64: =IF(C64="","",IF(C64="Match",I64-M64,"")) | P64: =IF(C64="Tournament",INDEX('Tournament Log'!$B:$B,E64),IF(C64="Guest","Guest: "&INDEX('Guest Log'!$H:$H,Q64),"")) | Q64: =IFERROR(MATCH($A64,'Guest Log'!$L$4:$L$203,0)+3,"")
A65: =64 -> 64 | B65: =IF(C65="","",IF(C65="Match",INDEX('Match Log'!$A:$A,D65),IF(C65="Tournament",INDEX('Tournament Log'!$A:$A,E65),INDEX('Guest Log'!$A:$A,Q65)))) | C65: =IF(D65<>"","Match",IF(E65<>"","Tournament",IF(Q65<>"","Guest",""))) | D65: =IFERROR(MATCH($A65,'Match Log'!$K$3:$K$501,0)+2,"") | E65: =IFERROR(MATCH($A65,'Tournament Log'!$O$4:$O$203,0)+3,"") | F65: =IF(C65="","",IF(C65="Match",INDEX('Match Log'!$B:$B,D65),IF(C65="Tournament",INDEX('Tournament Log'!$C:$C,E65),INDEX('Guest Log'!$B:$B,Q65)))) | G65: =IF(C65="","",IF(C65="Match",INDEX('Match Log'!$C:$C,D65),IF(C65="Tournament",INDEX('Tournament Log'!$B:$B,E65)&" (Phantom)",INDEX('Guest Log'!$H:$H,Q65)&" (Guest)"))) | H65: {=IF(C65="","",IFERROR(LOOKUP(2,1/(($F$1:F64=F65)+($G$1:G64=F65)),IF($F$1:F64=F65,$N$1:N64,$O$1:O64)),1000))} | I65: {=IF(C65="","",IF(C65="Tournament",INDEX('Tournament Log'!$J:$J,E65),IF(C65="Guest",IF(INDEX('Guest Log'!$I:$I,Q65)="",1000,INDEX('Guest Log'!$I:$I,Q65)),IFERROR(LOOKUP(2,1/(($F$1:F64=G65)+($G$1:G64=G65)),IF($F$1:F64=G65,$N$1:N64,$O$1:O64)),1000))))} | J65: =IF(C65="","",1/(1+10^((I65-H65)/400))) | K65: =IF(C65="","",IF(C65="Match",IF(INDEX('Match Log'!$D:$D,D65)="Win",1,IF(INDEX('Match Log'!$D:$D,D65)="Draw",0.5,0)),IF(C65="Tournament",INDEX('Tournament Log'!$K:$K,E65),IF(INDEX('Guest Log'!$C:$C,Q65)="Win",1,IF(INDEX('Guest Log'!$C:$C,Q65)="Draw",0.5,0))))) | L65: =IF(C65="","",IF(C65="Match",32,IF(C65="Tournament",MIN(32*INDEX('Tournament Log'!$D:$D,E65),96),32))) | M65: =IF(C65="","",ROUND(L65*(K65-J65),0)) | N65: =IF(C65="","",H65+M65) | O65: =IF(C65="","",IF(C65="Match",I65-M65,"")) | P65: =IF(C65="Tournament",INDEX('Tournament Log'!$B:$B,E65),IF(C65="Guest","Guest: "&INDEX('Guest Log'!$H:$H,Q65),"")) | Q65: =IFERROR(MATCH($A65,'Guest Log'!$L$4:$L$203,0)+3,"")
A66: =65 -> 65 | B66: =IF(C66="","",IF(C66="Match",INDEX('Match Log'!$A:$A,D66),IF(C66="Tournament",INDEX('Tournament Log'!$A:$A,E66),INDEX('Guest Log'!$A:$A,Q66)))) | C66: =IF(D66<>"","Match",IF(E66<>"","Tournament",IF(Q66<>"","Guest",""))) | D66: =IFERROR(MATCH($A66,'Match Log'!$K$3:$K$501,0)+2,"") | E66: =IFERROR(MATCH($A66,'Tournament Log'!$O$4:$O$203,0)+3,"") | F66: =IF(C66="","",IF(C66="Match",INDEX('Match Log'!$B:$B,D66),IF(C66="Tournament",INDEX('Tournament Log'!$C:$C,E66),INDEX('Guest Log'!$B:$B,Q66)))) | G66: =IF(C66="","",IF(C66="Match",INDEX('Match Log'!$C:$C,D66),IF(C66="Tournament",INDEX('Tournament Log'!$B:$B,E66)&" (Phantom)",INDEX('Guest Log'!$H:$H,Q66)&" (Guest)"))) | H66: {=IF(C66="","",IFERROR(LOOKUP(2,1/(($F$1:F65=F66)+($G$1:G65=F66)),IF($F$1:F65=F66,$N$1:N65,$O$1:O65)),1000))} | I66: {=IF(C66="","",IF(C66="Tournament",INDEX('Tournament Log'!$J:$J,E66),IF(C66="Guest",IF(INDEX('Guest Log'!$I:$I,Q66)="",1000,INDEX('Guest Log'!$I:$I,Q66)),IFERROR(LOOKUP(2,1/(($F$1:F65=G66)+($G$1:G65=G66)),IF($F$1:F65=G66,$N$1:N65,$O$1:O65)),1000))))} | J66: =IF(C66="","",1/(1+10^((I66-H66)/400))) | K66: =IF(C66="","",IF(C66="Match",IF(INDEX('Match Log'!$D:$D,D66)="Win",1,IF(INDEX('Match Log'!$D:$D,D66)="Draw",0.5,0)),IF(C66="Tournament",INDEX('Tournament Log'!$K:$K,E66),IF(INDEX('Guest Log'!$C:$C,Q66)="Win",1,IF(INDEX('Guest Log'!$C:$C,Q66)="Draw",0.5,0))))) | L66: =IF(C66="","",IF(C66="Match",32,IF(C66="Tournament",MIN(32*INDEX('Tournament Log'!$D:$D,E66),96),32))) | M66: =IF(C66="","",ROUND(L66*(K66-J66),0)) | N66: =IF(C66="","",H66+M66) | O66: =IF(C66="","",IF(C66="Match",I66-M66,"")) | P66: =IF(C66="Tournament",INDEX('Tournament Log'!$B:$B,E66),IF(C66="Guest","Guest: "&INDEX('Guest Log'!$H:$H,Q66),"")) | Q66: =IFERROR(MATCH($A66,'Guest Log'!$L$4:$L$203,0)+3,"")
A67: =66 -> 66 | B67: =IF(C67="","",IF(C67="Match",INDEX('Match Log'!$A:$A,D67),IF(C67="Tournament",INDEX('Tournament Log'!$A:$A,E67),INDEX('Guest Log'!$A:$A,Q67)))) | C67: =IF(D67<>"","Match",IF(E67<>"","Tournament",IF(Q67<>"","Guest",""))) | D67: =IFERROR(MATCH($A67,'Match Log'!$K$3:$K$501,0)+2,"") | E67: =IFERROR(MATCH($A67,'Tournament Log'!$O$4:$O$203,0)+3,"") | F67: =IF(C67="","",IF(C67="Match",INDEX('Match Log'!$B:$B,D67),IF(C67="Tournament",INDEX('Tournament Log'!$C:$C,E67),INDEX('Guest Log'!$B:$B,Q67)))) | G67: =IF(C67="","",IF(C67="Match",INDEX('Match Log'!$C:$C,D67),IF(C67="Tournament",INDEX('Tournament Log'!$B:$B,E67)&" (Phantom)",INDEX('Guest Log'!$H:$H,Q67)&" (Guest)"))) | H67: {=IF(C67="","",IFERROR(LOOKUP(2,1/(($F$1:F66=F67)+($G$1:G66=F67)),IF($F$1:F66=F67,$N$1:N66,$O$1:O66)),1000))} | I67: {=IF(C67="","",IF(C67="Tournament",INDEX('Tournament Log'!$J:$J,E67),IF(C67="Guest",IF(INDEX('Guest Log'!$I:$I,Q67)="",1000,INDEX('Guest Log'!$I:$I,Q67)),IFERROR(LOOKUP(2,1/(($F$1:F66=G67)+($G$1:G66=G67)),IF($F$1:F66=G67,$N$1:N66,$O$1:O66)),1000))))} | J67: =IF(C67="","",1/(1+10^((I67-H67)/400))) | K67: =IF(C67="","",IF(C67="Match",IF(INDEX('Match Log'!$D:$D,D67)="Win",1,IF(INDEX('Match Log'!$D:$D,D67)="Draw",0.5,0)),IF(C67="Tournament",INDEX('Tournament Log'!$K:$K,E67),IF(INDEX('Guest Log'!$C:$C,Q67)="Win",1,IF(INDEX('Guest Log'!$C:$C,Q67)="Draw",0.5,0))))) | L67: =IF(C67="","",IF(C67="Match",32,IF(C67="Tournament",MIN(32*INDEX('Tournament Log'!$D:$D,E67),96),32))) | M67: =IF(C67="","",ROUND(L67*(K67-J67),0)) | N67: =IF(C67="","",H67+M67) | O67: =IF(C67="","",IF(C67="Match",I67-M67,"")) | P67: =IF(C67="Tournament",INDEX('Tournament Log'!$B:$B,E67),IF(C67="Guest","Guest: "&INDEX('Guest Log'!$H:$H,Q67),"")) | Q67: =IFERROR(MATCH($A67,'Guest Log'!$L$4:$L$203,0)+3,"")
A68: =67 -> 67 | B68: =IF(C68="","",IF(C68="Match",INDEX('Match Log'!$A:$A,D68),IF(C68="Tournament",INDEX('Tournament Log'!$A:$A,E68),INDEX('Guest Log'!$A:$A,Q68)))) | C68: =IF(D68<>"","Match",IF(E68<>"","Tournament",IF(Q68<>"","Guest",""))) | D68: =IFERROR(MATCH($A68,'Match Log'!$K$3:$K$501,0)+2,"") | E68: =IFERROR(MATCH($A68,'Tournament Log'!$O$4:$O$203,0)+3,"") | F68: =IF(C68="","",IF(C68="Match",INDEX('Match Log'!$B:$B,D68),IF(C68="Tournament",INDEX('Tournament Log'!$C:$C,E68),INDEX('Guest Log'!$B:$B,Q68)))) | G68: =IF(C68="","",IF(C68="Match",INDEX('Match Log'!$C:$C,D68),IF(C68="Tournament",INDEX('Tournament Log'!$B:$B,E68)&" (Phantom)",INDEX('Guest Log'!$H:$H,Q68)&" (Guest)"))) | H68: {=IF(C68="","",IFERROR(LOOKUP(2,1/(($F$1:F67=F68)+($G$1:G67=F68)),IF($F$1:F67=F68,$N$1:N67,$O$1:O67)),1000))} | I68: {=IF(C68="","",IF(C68="Tournament",INDEX('Tournament Log'!$J:$J,E68),IF(C68="Guest",IF(INDEX('Guest Log'!$I:$I,Q68)="",1000,INDEX('Guest Log'!$I:$I,Q68)),IFERROR(LOOKUP(2,1/(($F$1:F67=G68)+($G$1:G67=G68)),IF($F$1:F67=G68,$N$1:N67,$O$1:O67)),1000))))} | J68: =IF(C68="","",1/(1+10^((I68-H68)/400))) | K68: =IF(C68="","",IF(C68="Match",IF(INDEX('Match Log'!$D:$D,D68)="Win",1,IF(INDEX('Match Log'!$D:$D,D68)="Draw",0.5,0)),IF(C68="Tournament",INDEX('Tournament Log'!$K:$K,E68),IF(INDEX('Guest Log'!$C:$C,Q68)="Win",1,IF(INDEX('Guest Log'!$C:$C,Q68)="Draw",0.5,0))))) | L68: =IF(C68="","",IF(C68="Match",32,IF(C68="Tournament",MIN(32*INDEX('Tournament Log'!$D:$D,E68),96),32))) | M68: =IF(C68="","",ROUND(L68*(K68-J68),0)) | N68: =IF(C68="","",H68+M68) | O68: =IF(C68="","",IF(C68="Match",I68-M68,"")) | P68: =IF(C68="Tournament",INDEX('Tournament Log'!$B:$B,E68),IF(C68="Guest","Guest: "&INDEX('Guest Log'!$H:$H,Q68),"")) | Q68: =IFERROR(MATCH($A68,'Guest Log'!$L$4:$L$203,0)+3,"")
A69: =68 -> 68 | B69: =IF(C69="","",IF(C69="Match",INDEX('Match Log'!$A:$A,D69),IF(C69="Tournament",INDEX('Tournament Log'!$A:$A,E69),INDEX('Guest Log'!$A:$A,Q69)))) | C69: =IF(D69<>"","Match",IF(E69<>"","Tournament",IF(Q69<>"","Guest",""))) | D69: =IFERROR(MATCH($A69,'Match Log'!$K$3:$K$501,0)+2,"") | E69: =IFERROR(MATCH($A69,'Tournament Log'!$O$4:$O$203,0)+3,"") | F69: =IF(C69="","",IF(C69="Match",INDEX('Match Log'!$B:$B,D69),IF(C69="Tournament",INDEX('Tournament Log'!$C:$C,E69),INDEX('Guest Log'!$B:$B,Q69)))) | G69: =IF(C69="","",IF(C69="Match",INDEX('Match Log'!$C:$C,D69),IF(C69="Tournament",INDEX('Tournament Log'!$B:$B,E69)&" (Phantom)",INDEX('Guest Log'!$H:$H,Q69)&" (Guest)"))) | H69: {=IF(C69="","",IFERROR(LOOKUP(2,1/(($F$1:F68=F69)+($G$1:G68=F69)),IF($F$1:F68=F69,$N$1:N68,$O$1:O68)),1000))} | I69: {=IF(C69="","",IF(C69="Tournament",INDEX('Tournament Log'!$J:$J,E69),IF(C69="Guest",IF(INDEX('Guest Log'!$I:$I,Q69)="",1000,INDEX('Guest Log'!$I:$I,Q69)),IFERROR(LOOKUP(2,1/(($F$1:F68=G69)+($G$1:G68=G69)),IF($F$1:F68=G69,$N$1:N68,$O$1:O68)),1000))))} | J69: =IF(C69="","",1/(1+10^((I69-H69)/400))) | K69: =IF(C69="","",IF(C69="Match",IF(INDEX('Match Log'!$D:$D,D69)="Win",1,IF(INDEX('Match Log'!$D:$D,D69)="Draw",0.5,0)),IF(C69="Tournament",INDEX('Tournament Log'!$K:$K,E69),IF(INDEX('Guest Log'!$C:$C,Q69)="Win",1,IF(INDEX('Guest Log'!$C:$C,Q69)="Draw",0.5,0))))) | L69: =IF(C69="","",IF(C69="Match",32,IF(C69="Tournament",MIN(32*INDEX('Tournament Log'!$D:$D,E69),96),32))) | M69: =IF(C69="","",ROUND(L69*(K69-J69),0)) | N69: =IF(C69="","",H69+M69) | O69: =IF(C69="","",IF(C69="Match",I69-M69,"")) | P69: =IF(C69="Tournament",INDEX('Tournament Log'!$B:$B,E69),IF(C69="Guest","Guest: "&INDEX('Guest Log'!$H:$H,Q69),"")) | Q69: =IFERROR(MATCH($A69,'Guest Log'!$L$4:$L$203,0)+3,"")
A70: =69 -> 69 | B70: =IF(C70="","",IF(C70="Match",INDEX('Match Log'!$A:$A,D70),IF(C70="Tournament",INDEX('Tournament Log'!$A:$A,E70),INDEX('Guest Log'!$A:$A,Q70)))) | C70: =IF(D70<>"","Match",IF(E70<>"","Tournament",IF(Q70<>"","Guest",""))) | D70: =IFERROR(MATCH($A70,'Match Log'!$K$3:$K$501,0)+2,"") | E70: =IFERROR(MATCH($A70,'Tournament Log'!$O$4:$O$203,0)+3,"") | F70: =IF(C70="","",IF(C70="Match",INDEX('Match Log'!$B:$B,D70),IF(C70="Tournament",INDEX('Tournament Log'!$C:$C,E70),INDEX('Guest Log'!$B:$B,Q70)))) | G70: =IF(C70="","",IF(C70="Match",INDEX('Match Log'!$C:$C,D70),IF(C70="Tournament",INDEX('Tournament Log'!$B:$B,E70)&" (Phantom)",INDEX('Guest Log'!$H:$H,Q70)&" (Guest)"))) | H70: {=IF(C70="","",IFERROR(LOOKUP(2,1/(($F$1:F69=F70)+($G$1:G69=F70)),IF($F$1:F69=F70,$N$1:N69,$O$1:O69)),1000))} | I70: {=IF(C70="","",IF(C70="Tournament",INDEX('Tournament Log'!$J:$J,E70),IF(C70="Guest",IF(INDEX('Guest Log'!$I:$I,Q70)="",1000,INDEX('Guest Log'!$I:$I,Q70)),IFERROR(LOOKUP(2,1/(($F$1:F69=G70)+($G$1:G69=G70)),IF($F$1:F69=G70,$N$1:N69,$O$1:O69)),1000))))} | J70: =IF(C70="","",1/(1+10^((I70-H70)/400))) | K70: =IF(C70="","",IF(C70="Match",IF(INDEX('Match Log'!$D:$D,D70)="Win",1,IF(INDEX('Match Log'!$D:$D,D70)="Draw",0.5,0)),IF(C70="Tournament",INDEX('Tournament Log'!$K:$K,E70),IF(INDEX('Guest Log'!$C:$C,Q70)="Win",1,IF(INDEX('Guest Log'!$C:$C,Q70)="Draw",0.5,0))))) | L70: =IF(C70="","",IF(C70="Match",32,IF(C70="Tournament",MIN(32*INDEX('Tournament Log'!$D:$D,E70),96),32))) | M70: =IF(C70="","",ROUND(L70*(K70-J70),0)) | N70: =IF(C70="","",H70+M70) | O70: =IF(C70="","",IF(C70="Match",I70-M70,"")) | P70: =IF(C70="Tournament",INDEX('Tournament Log'!$B:$B,E70),IF(C70="Guest","Guest: "&INDEX('Guest Log'!$H:$H,Q70),"")) | Q70: =IFERROR(MATCH($A70,'Guest Log'!$L$4:$L$203,0)+3,"")
A71: =70 -> 70 | B71: =IF(C71="","",IF(C71="Match",INDEX('Match Log'!$A:$A,D71),IF(C71="Tournament",INDEX('Tournament Log'!$A:$A,E71),INDEX('Guest Log'!$A:$A,Q71)))) | C71: =IF(D71<>"","Match",IF(E71<>"","Tournament",IF(Q71<>"","Guest",""))) | D71: =IFERROR(MATCH($A71,'Match Log'!$K$3:$K$501,0)+2,"") | E71: =IFERROR(MATCH($A71,'Tournament Log'!$O$4:$O$203,0)+3,"") | F71: =IF(C71="","",IF(C71="Match",INDEX('Match Log'!$B:$B,D71),IF(C71="Tournament",INDEX('Tournament Log'!$C:$C,E71),INDEX('Guest Log'!$B:$B,Q71)))) | G71: =IF(C71="","",IF(C71="Match",INDEX('Match Log'!$C:$C,D71),IF(C71="Tournament",INDEX('Tournament Log'!$B:$B,E71)&" (Phantom)",INDEX('Guest Log'!$H:$H,Q71)&" (Guest)"))) | H71: {=IF(C71="","",IFERROR(LOOKUP(2,1/(($F$1:F70=F71)+($G$1:G70=F71)),IF($F$1:F70=F71,$N$1:N70,$O$1:O70)),1000))} | I71: {=IF(C71="","",IF(C71="Tournament",INDEX('Tournament Log'!$J:$J,E71),IF(C71="Guest",IF(INDEX('Guest Log'!$I:$I,Q71)="",1000,INDEX('Guest Log'!$I:$I,Q71)),IFERROR(LOOKUP(2,1/(($F$1:F70=G71)+($G$1:G70=G71)),IF($F$1:F70=G71,$N$1:N70,$O$1:O70)),1000))))} | J71: =IF(C71="","",1/(1+10^((I71-H71)/400))) | K71: =IF(C71="","",IF(C71="Match",IF(INDEX('Match Log'!$D:$D,D71)="Win",1,IF(INDEX('Match Log'!$D:$D,D71)="Draw",0.5,0)),IF(C71="Tournament",INDEX('Tournament Log'!$K:$K,E71),IF(INDEX('Guest Log'!$C:$C,Q71)="Win",1,IF(INDEX('Guest Log'!$C:$C,Q71)="Draw",0.5,0))))) | L71: =IF(C71="","",IF(C71="Match",32,IF(C71="Tournament",MIN(32*INDEX('Tournament Log'!$D:$D,E71),96),32))) | M71: =IF(C71="","",ROUND(L71*(K71-J71),0)) | N71: =IF(C71="","",H71+M71) | O71: =IF(C71="","",IF(C71="Match",I71-M71,"")) | P71: =IF(C71="Tournament",INDEX('Tournament Log'!$B:$B,E71),IF(C71="Guest","Guest: "&INDEX('Guest Log'!$H:$H,Q71),"")) | Q71: =IFERROR(MATCH($A71,'Guest Log'!$L$4:$L$203,0)+3,"")
A72: =71 -> 71 | B72: =IF(C72="","",IF(C72="Match",INDEX('Match Log'!$A:$A,D72),IF(C72="Tournament",INDEX('Tournament Log'!$A:$A,E72),INDEX('Guest Log'!$A:$A,Q72)))) | C72: =IF(D72<>"","Match",IF(E72<>"","Tournament",IF(Q72<>"","Guest",""))) | D72: =IFERROR(MATCH($A72,'Match Log'!$K$3:$K$501,0)+2,"") | E72: =IFERROR(MATCH($A72,'Tournament Log'!$O$4:$O$203,0)+3,"") | F72: =IF(C72="","",IF(C72="Match",INDEX('Match Log'!$B:$B,D72),IF(C72="Tournament",INDEX('Tournament Log'!$C:$C,E72),INDEX('Guest Log'!$B:$B,Q72)))) | G72: =IF(C72="","",IF(C72="Match",INDEX('Match Log'!$C:$C,D72),IF(C72="Tournament",INDEX('Tournament Log'!$B:$B,E72)&" (Phantom)",INDEX('Guest Log'!$H:$H,Q72)&" (Guest)"))) | H72: {=IF(C72="","",IFERROR(LOOKUP(2,1/(($F$1:F71=F72)+($G$1:G71=F72)),IF($F$1:F71=F72,$N$1:N71,$O$1:O71)),1000))} | I72: {=IF(C72="","",IF(C72="Tournament",INDEX('Tournament Log'!$J:$J,E72),IF(C72="Guest",IF(INDEX('Guest Log'!$I:$I,Q72)="",1000,INDEX('Guest Log'!$I:$I,Q72)),IFERROR(LOOKUP(2,1/(($F$1:F71=G72)+($G$1:G71=G72)),IF($F$1:F71=G72,$N$1:N71,$O$1:O71)),1000))))} | J72: =IF(C72="","",1/(1+10^((I72-H72)/400))) | K72: =IF(C72="","",IF(C72="Match",IF(INDEX('Match Log'!$D:$D,D72)="Win",1,IF(INDEX('Match Log'!$D:$D,D72)="Draw",0.5,0)),IF(C72="Tournament",INDEX('Tournament Log'!$K:$K,E72),IF(INDEX('Guest Log'!$C:$C,Q72)="Win",1,IF(INDEX('Guest Log'!$C:$C,Q72)="Draw",0.5,0))))) | L72: =IF(C72="","",IF(C72="Match",32,IF(C72="Tournament",MIN(32*INDEX('Tournament Log'!$D:$D,E72),96),32))) | M72: =IF(C72="","",ROUND(L72*(K72-J72),0)) | N72: =IF(C72="","",H72+M72) | O72: =IF(C72="","",IF(C72="Match",I72-M72,"")) | P72: =IF(C72="Tournament",INDEX('Tournament Log'!$B:$B,E72),IF(C72="Guest","Guest: "&INDEX('Guest Log'!$H:$H,Q72),"")) | Q72: =IFERROR(MATCH($A72,'Guest Log'!$L$4:$L$203,0)+3,"")
A73: =72 -> 72 | B73: =IF(C73="","",IF(C73="Match",INDEX('Match Log'!$A:$A,D73),IF(C73="Tournament",INDEX('Tournament Log'!$A:$A,E73),INDEX('Guest Log'!$A:$A,Q73)))) | C73: =IF(D73<>"","Match",IF(E73<>"","Tournament",IF(Q73<>"","Guest",""))) | D73: =IFERROR(MATCH($A73,'Match Log'!$K$3:$K$501,0)+2,"") | E73: =IFERROR(MATCH($A73,'Tournament Log'!$O$4:$O$203,0)+3,"") | F73: =IF(C73="","",IF(C73="Match",INDEX('Match Log'!$B:$B,D73),IF(C73="Tournament",INDEX('Tournament Log'!$C:$C,E73),INDEX('Guest Log'!$B:$B,Q73)))) | G73: =IF(C73="","",IF(C73="Match",INDEX('Match Log'!$C:$C,D73),IF(C73="Tournament",INDEX('Tournament Log'!$B:$B,E73)&" (Phantom)",INDEX('Guest Log'!$H:$H,Q73)&" (Guest)"))) | H73: {=IF(C73="","",IFERROR(LOOKUP(2,1/(($F$1:F72=F73)+($G$1:G72=F73)),IF($F$1:F72=F73,$N$1:N72,$O$1:O72)),1000))} | I73: {=IF(C73="","",IF(C73="Tournament",INDEX('Tournament Log'!$J:$J,E73),IF(C73="Guest",IF(INDEX('Guest Log'!$I:$I,Q73)="",1000,INDEX('Guest Log'!$I:$I,Q73)),IFERROR(LOOKUP(2,1/(($F$1:F72=G73)+($G$1:G72=G73)),IF($F$1:F72=G73,$N$1:N72,$O$1:O72)),1000))))} | J73: =IF(C73="","",1/(1+10^((I73-H73)/400))) | K73: =IF(C73="","",IF(C73="Match",IF(INDEX('Match Log'!$D:$D,D73)="Win",1,IF(INDEX('Match Log'!$D:$D,D73)="Draw",0.5,0)),IF(C73="Tournament",INDEX('Tournament Log'!$K:$K,E73),IF(INDEX('Guest Log'!$C:$C,Q73)="Win",1,IF(INDEX('Guest Log'!$C:$C,Q73)="Draw",0.5,0))))) | L73: =IF(C73="","",IF(C73="Match",32,IF(C73="Tournament",MIN(32*INDEX('Tournament Log'!$D:$D,E73),96),32))) | M73: =IF(C73="","",ROUND(L73*(K73-J73),0)) | N73: =IF(C73="","",H73+M73) | O73: =IF(C73="","",IF(C73="Match",I73-M73,"")) | P73: =IF(C73="Tournament",INDEX('Tournament Log'!$B:$B,E73),IF(C73="Guest","Guest: "&INDEX('Guest Log'!$H:$H,Q73),"")) | Q73: =IFERROR(MATCH($A73,'Guest Log'!$L$4:$L$203,0)+3,"")
A74: =73 -> 73 | B74: =IF(C74="","",IF(C74="Match",INDEX('Match Log'!$A:$A,D74),IF(C74="Tournament",INDEX('Tournament Log'!$A:$A,E74),INDEX('Guest Log'!$A:$A,Q74)))) | C74: =IF(D74<>"","Match",IF(E74<>"","Tournament",IF(Q74<>"","Guest",""))) | D74: =IFERROR(MATCH($A74,'Match Log'!$K$3:$K$501,0)+2,"") | E74: =IFERROR(MATCH($A74,'Tournament Log'!$O$4:$O$203,0)+3,"") | F74: =IF(C74="","",IF(C74="Match",INDEX('Match Log'!$B:$B,D74),IF(C74="Tournament",INDEX('Tournament Log'!$C:$C,E74),INDEX('Guest Log'!$B:$B,Q74)))) | G74: =IF(C74="","",IF(C74="Match",INDEX('Match Log'!$C:$C,D74),IF(C74="Tournament",INDEX('Tournament Log'!$B:$B,E74)&" (Phantom)",INDEX('Guest Log'!$H:$H,Q74)&" (Guest)"))) | H74: {=IF(C74="","",IFERROR(LOOKUP(2,1/(($F$1:F73=F74)+($G$1:G73=F74)),IF($F$1:F73=F74,$N$1:N73,$O$1:O73)),1000))} | I74: {=IF(C74="","",IF(C74="Tournament",INDEX('Tournament Log'!$J:$J,E74),IF(C74="Guest",IF(INDEX('Guest Log'!$I:$I,Q74)="",1000,INDEX('Guest Log'!$I:$I,Q74)),IFERROR(LOOKUP(2,1/(($F$1:F73=G74)+($G$1:G73=G74)),IF($F$1:F73=G74,$N$1:N73,$O$1:O73)),1000))))} | J74: =IF(C74="","",1/(1+10^((I74-H74)/400))) | K74: =IF(C74="","",IF(C74="Match",IF(INDEX('Match Log'!$D:$D,D74)="Win",1,IF(INDEX('Match Log'!$D:$D,D74)="Draw",0.5,0)),IF(C74="Tournament",INDEX('Tournament Log'!$K:$K,E74),IF(INDEX('Guest Log'!$C:$C,Q74)="Win",1,IF(INDEX('Guest Log'!$C:$C,Q74)="Draw",0.5,0))))) | L74: =IF(C74="","",IF(C74="Match",32,IF(C74="Tournament",MIN(32*INDEX('Tournament Log'!$D:$D,E74),96),32))) | M74: =IF(C74="","",ROUND(L74*(K74-J74),0)) | N74: =IF(C74="","",H74+M74) | O74: =IF(C74="","",IF(C74="Match",I74-M74,"")) | P74: =IF(C74="Tournament",INDEX('Tournament Log'!$B:$B,E74),IF(C74="Guest","Guest: "&INDEX('Guest Log'!$H:$H,Q74),"")) | Q74: =IFERROR(MATCH($A74,'Guest Log'!$L$4:$L$203,0)+3,"")
A75: =74 -> 74 | B75: =IF(C75="","",IF(C75="Match",INDEX('Match Log'!$A:$A,D75),IF(C75="Tournament",INDEX('Tournament Log'!$A:$A,E75),INDEX('Guest Log'!$A:$A,Q75)))) | C75: =IF(D75<>"","Match",IF(E75<>"","Tournament",IF(Q75<>"","Guest",""))) | D75: =IFERROR(MATCH($A75,'Match Log'!$K$3:$K$501,0)+2,"") | E75: =IFERROR(MATCH($A75,'Tournament Log'!$O$4:$O$203,0)+3,"") | F75: =IF(C75="","",IF(C75="Match",INDEX('Match Log'!$B:$B,D75),IF(C75="Tournament",INDEX('Tournament Log'!$C:$C,E75),INDEX('Guest Log'!$B:$B,Q75)))) | G75: =IF(C75="","",IF(C75="Match",INDEX('Match Log'!$C:$C,D75),IF(C75="Tournament",INDEX('Tournament Log'!$B:$B,E75)&" (Phantom)",INDEX('Guest Log'!$H:$H,Q75)&" (Guest)"))) | H75: {=IF(C75="","",IFERROR(LOOKUP(2,1/(($F$1:F74=F75)+($G$1:G74=F75)),IF($F$1:F74=F75,$N$1:N74,$O$1:O74)),1000))} | I75: {=IF(C75="","",IF(C75="Tournament",INDEX('Tournament Log'!$J:$J,E75),IF(C75="Guest",IF(INDEX('Guest Log'!$I:$I,Q75)="",1000,INDEX('Guest Log'!$I:$I,Q75)),IFERROR(LOOKUP(2,1/(($F$1:F74=G75)+($G$1:G74=G75)),IF($F$1:F74=G75,$N$1:N74,$O$1:O74)),1000))))} | J75: =IF(C75="","",1/(1+10^((I75-H75)/400))) | K75: =IF(C75="","",IF(C75="Match",IF(INDEX('Match Log'!$D:$D,D75)="Win",1,IF(INDEX('Match Log'!$D:$D,D75)="Draw",0.5,0)),IF(C75="Tournament",INDEX('Tournament Log'!$K:$K,E75),IF(INDEX('Guest Log'!$C:$C,Q75)="Win",1,IF(INDEX('Guest Log'!$C:$C,Q75)="Draw",0.5,0))))) | L75: =IF(C75="","",IF(C75="Match",32,IF(C75="Tournament",MIN(32*INDEX('Tournament Log'!$D:$D,E75),96),32))) | M75: =IF(C75="","",ROUND(L75*(K75-J75),0)) | N75: =IF(C75="","",H75+M75) | O75: =IF(C75="","",IF(C75="Match",I75-M75,"")) | P75: =IF(C75="Tournament",INDEX('Tournament Log'!$B:$B,E75),IF(C75="Guest","Guest: "&INDEX('Guest Log'!$H:$H,Q75),"")) | Q75: =IFERROR(MATCH($A75,'Guest Log'!$L$4:$L$203,0)+3,"")
A76: =75 -> 75 | B76: =IF(C76="","",IF(C76="Match",INDEX('Match Log'!$A:$A,D76),IF(C76="Tournament",INDEX('Tournament Log'!$A:$A,E76),INDEX('Guest Log'!$A:$A,Q76)))) | C76: =IF(D76<>"","Match",IF(E76<>"","Tournament",IF(Q76<>"","Guest",""))) | D76: =IFERROR(MATCH($A76,'Match Log'!$K$3:$K$501,0)+2,"") | E76: =IFERROR(MATCH($A76,'Tournament Log'!$O$4:$O$203,0)+3,"") | F76: =IF(C76="","",IF(C76="Match",INDEX('Match Log'!$B:$B,D76),IF(C76="Tournament",INDEX('Tournament Log'!$C:$C,E76),INDEX('Guest Log'!$B:$B,Q76)))) | G76: =IF(C76="","",IF(C76="Match",INDEX('Match Log'!$C:$C,D76),IF(C76="Tournament",INDEX('Tournament Log'!$B:$B,E76)&" (Phantom)",INDEX('Guest Log'!$H:$H,Q76)&" (Guest)"))) | H76: {=IF(C76="","",IFERROR(LOOKUP(2,1/(($F$1:F75=F76)+($G$1:G75=F76)),IF($F$1:F75=F76,$N$1:N75,$O$1:O75)),1000))} | I76: {=IF(C76="","",IF(C76="Tournament",INDEX('Tournament Log'!$J:$J,E76),IF(C76="Guest",IF(INDEX('Guest Log'!$I:$I,Q76)="",1000,INDEX('Guest Log'!$I:$I,Q76)),IFERROR(LOOKUP(2,1/(($F$1:F75=G76)+($G$1:G75=G76)),IF($F$1:F75=G76,$N$1:N75,$O$1:O75)),1000))))} | J76: =IF(C76="","",1/(1+10^((I76-H76)/400))) | K76: =IF(C76="","",IF(C76="Match",IF(INDEX('Match Log'!$D:$D,D76)="Win",1,IF(INDEX('Match Log'!$D:$D,D76)="Draw",0.5,0)),IF(C76="Tournament",INDEX('Tournament Log'!$K:$K,E76),IF(INDEX('Guest Log'!$C:$C,Q76)="Win",1,IF(INDEX('Guest Log'!$C:$C,Q76)="Draw",0.5,0))))) | L76: =IF(C76="","",IF(C76="Match",32,IF(C76="Tournament",MIN(32*INDEX('Tournament Log'!$D:$D,E76),96),32))) | M76: =IF(C76="","",ROUND(L76*(K76-J76),0)) | N76: =IF(C76="","",H76+M76) | O76: =IF(C76="","",IF(C76="Match",I76-M76,"")) | P76: =IF(C76="Tournament",INDEX('Tournament Log'!$B:$B,E76),IF(C76="Guest","Guest: "&INDEX('Guest Log'!$H:$H,Q76),"")) | Q76: =IFERROR(MATCH($A76,'Guest Log'!$L$4:$L$203,0)+3,"")
A77: =76 -> 76 | B77: =IF(C77="","",IF(C77="Match",INDEX('Match Log'!$A:$A,D77),IF(C77="Tournament",INDEX('Tournament Log'!$A:$A,E77),INDEX('Guest Log'!$A:$A,Q77)))) | C77: =IF(D77<>"","Match",IF(E77<>"","Tournament",IF(Q77<>"","Guest",""))) | D77: =IFERROR(MATCH($A77,'Match Log'!$K$3:$K$501,0)+2,"") | E77: =IFERROR(MATCH($A77,'Tournament Log'!$O$4:$O$203,0)+3,"") | F77: =IF(C77="","",IF(C77="Match",INDEX('Match Log'!$B:$B,D77),IF(C77="Tournament",INDEX('Tournament Log'!$C:$C,E77),INDEX('Guest Log'!$B:$B,Q77)))) | G77: =IF(C77="","",IF(C77="Match",INDEX('Match Log'!$C:$C,D77),IF(C77="Tournament",INDEX('Tournament Log'!$B:$B,E77)&" (Phantom)",INDEX('Guest Log'!$H:$H,Q77)&" (Guest)"))) | H77: {=IF(C77="","",IFERROR(LOOKUP(2,1/(($F$1:F76=F77)+($G$1:G76=F77)),IF($F$1:F76=F77,$N$1:N76,$O$1:O76)),1000))} | I77: {=IF(C77="","",IF(C77="Tournament",INDEX('Tournament Log'!$J:$J,E77),IF(C77="Guest",IF(INDEX('Guest Log'!$I:$I,Q77)="",1000,INDEX('Guest Log'!$I:$I,Q77)),IFERROR(LOOKUP(2,1/(($F$1:F76=G77)+($G$1:G76=G77)),IF($F$1:F76=G77,$N$1:N76,$O$1:O76)),1000))))} | J77: =IF(C77="","",1/(1+10^((I77-H77)/400))) | K77: =IF(C77="","",IF(C77="Match",IF(INDEX('Match Log'!$D:$D,D77)="Win",1,IF(INDEX('Match Log'!$D:$D,D77)="Draw",0.5,0)),IF(C77="Tournament",INDEX('Tournament Log'!$K:$K,E77),IF(INDEX('Guest Log'!$C:$C,Q77)="Win",1,IF(INDEX('Guest Log'!$C:$C,Q77)="Draw",0.5,0))))) | L77: =IF(C77="","",IF(C77="Match",32,IF(C77="Tournament",MIN(32*INDEX('Tournament Log'!$D:$D,E77),96),32))) | M77: =IF(C77="","",ROUND(L77*(K77-J77),0)) | N77: =IF(C77="","",H77+M77) | O77: =IF(C77="","",IF(C77="Match",I77-M77,"")) | P77: =IF(C77="Tournament",INDEX('Tournament Log'!$B:$B,E77),IF(C77="Guest","Guest: "&INDEX('Guest Log'!$H:$H,Q77),"")) | Q77: =IFERROR(MATCH($A77,'Guest Log'!$L$4:$L$203,0)+3,"")
A78: =77 -> 77 | B78: =IF(C78="","",IF(C78="Match",INDEX('Match Log'!$A:$A,D78),IF(C78="Tournament",INDEX('Tournament Log'!$A:$A,E78),INDEX('Guest Log'!$A:$A,Q78)))) | C78: =IF(D78<>"","Match",IF(E78<>"","Tournament",IF(Q78<>"","Guest",""))) | D78: =IFERROR(MATCH($A78,'Match Log'!$K$3:$K$501,0)+2,"") | E78: =IFERROR(MATCH($A78,'Tournament Log'!$O$4:$O$203,0)+3,"") | F78: =IF(C78="","",IF(C78="Match",INDEX('Match Log'!$B:$B,D78),IF(C78="Tournament",INDEX('Tournament Log'!$C:$C,E78),INDEX('Guest Log'!$B:$B,Q78)))) | G78: =IF(C78="","",IF(C78="Match",INDEX('Match Log'!$C:$C,D78),IF(C78="Tournament",INDEX('Tournament Log'!$B:$B,E78)&" (Phantom)",INDEX('Guest Log'!$H:$H,Q78)&" (Guest)"))) | H78: {=IF(C78="","",IFERROR(LOOKUP(2,1/(($F$1:F77=F78)+($G$1:G77=F78)),IF($F$1:F77=F78,$N$1:N77,$O$1:O77)),1000))} | I78: {=IF(C78="","",IF(C78="Tournament",INDEX('Tournament Log'!$J:$J,E78),IF(C78="Guest",IF(INDEX('Guest Log'!$I:$I,Q78)="",1000,INDEX('Guest Log'!$I:$I,Q78)),IFERROR(LOOKUP(2,1/(($F$1:F77=G78)+($G$1:G77=G78)),IF($F$1:F77=G78,$N$1:N77,$O$1:O77)),1000))))} | J78: =IF(C78="","",1/(1+10^((I78-H78)/400))) | K78: =IF(C78="","",IF(C78="Match",IF(INDEX('Match Log'!$D:$D,D78)="Win",1,IF(INDEX('Match Log'!$D:$D,D78)="Draw",0.5,0)),IF(C78="Tournament",INDEX('Tournament Log'!$K:$K,E78),IF(INDEX('Guest Log'!$C:$C,Q78)="Win",1,IF(INDEX('Guest Log'!$C:$C,Q78)="Draw",0.5,0))))) | L78: =IF(C78="","",IF(C78="Match",32,IF(C78="Tournament",MIN(32*INDEX('Tournament Log'!$D:$D,E78),96),32))) | M78: =IF(C78="","",ROUND(L78*(K78-J78),0)) | N78: =IF(C78="","",H78+M78) | O78: =IF(C78="","",IF(C78="Match",I78-M78,"")) | P78: =IF(C78="Tournament",INDEX('Tournament Log'!$B:$B,E78),IF(C78="Guest","Guest: "&INDEX('Guest Log'!$H:$H,Q78),"")) | Q78: =IFERROR(MATCH($A78,'Guest Log'!$L$4:$L$203,0)+3,"")
A79: =78 -> 78 | B79: =IF(C79="","",IF(C79="Match",INDEX('Match Log'!$A:$A,D79),IF(C79="Tournament",INDEX('Tournament Log'!$A:$A,E79),INDEX('Guest Log'!$A:$A,Q79)))) | C79: =IF(D79<>"","Match",IF(E79<>"","Tournament",IF(Q79<>"","Guest",""))) | D79: =IFERROR(MATCH($A79,'Match Log'!$K$3:$K$501,0)+2,"") | E79: =IFERROR(MATCH($A79,'Tournament Log'!$O$4:$O$203,0)+3,"") | F79: =IF(C79="","",IF(C79="Match",INDEX('Match Log'!$B:$B,D79),IF(C79="Tournament",INDEX('Tournament Log'!$C:$C,E79),INDEX('Guest Log'!$B:$B,Q79)))) | G79: =IF(C79="","",IF(C79="Match",INDEX('Match Log'!$C:$C,D79),IF(C79="Tournament",INDEX('Tournament Log'!$B:$B,E79)&" (Phantom)",INDEX('Guest Log'!$H:$H,Q79)&" (Guest)"))) | H79: {=IF(C79="","",IFERROR(LOOKUP(2,1/(($F$1:F78=F79)+($G$1:G78=F79)),IF($F$1:F78=F79,$N$1:N78,$O$1:O78)),1000))} | I79: {=IF(C79="","",IF(C79="Tournament",INDEX('Tournament Log'!$J:$J,E79),IF(C79="Guest",IF(INDEX('Guest Log'!$I:$I,Q79)="",1000,INDEX('Guest Log'!$I:$I,Q79)),IFERROR(LOOKUP(2,1/(($F$1:F78=G79)+($G$1:G78=G79)),IF($F$1:F78=G79,$N$1:N78,$O$1:O78)),1000))))} | J79: =IF(C79="","",1/(1+10^((I79-H79)/400))) | K79: =IF(C79="","",IF(C79="Match",IF(INDEX('Match Log'!$D:$D,D79)="Win",1,IF(INDEX('Match Log'!$D:$D,D79)="Draw",0.5,0)),IF(C79="Tournament",INDEX('Tournament Log'!$K:$K,E79),IF(INDEX('Guest Log'!$C:$C,Q79)="Win",1,IF(INDEX('Guest Log'!$C:$C,Q79)="Draw",0.5,0))))) | L79: =IF(C79="","",IF(C79="Match",32,IF(C79="Tournament",MIN(32*INDEX('Tournament Log'!$D:$D,E79),96),32))) | M79: =IF(C79="","",ROUND(L79*(K79-J79),0)) | N79: =IF(C79="","",H79+M79) | O79: =IF(C79="","",IF(C79="Match",I79-M79,"")) | P79: =IF(C79="Tournament",INDEX('Tournament Log'!$B:$B,E79),IF(C79="Guest","Guest: "&INDEX('Guest Log'!$H:$H,Q79),"")) | Q79: =IFERROR(MATCH($A79,'Guest Log'!$L$4:$L$203,0)+3,"")
A80: =79 -> 79 | B80: =IF(C80="","",IF(C80="Match",INDEX('Match Log'!$A:$A,D80),IF(C80="Tournament",INDEX('Tournament Log'!$A:$A,E80),INDEX('Guest Log'!$A:$A,Q80)))) | C80: =IF(D80<>"","Match",IF(E80<>"","Tournament",IF(Q80<>"","Guest",""))) | D80: =IFERROR(MATCH($A80,'Match Log'!$K$3:$K$501,0)+2,"") | E80: =IFERROR(MATCH($A80,'Tournament Log'!$O$4:$O$203,0)+3,"") | F80: =IF(C80="","",IF(C80="Match",INDEX('Match Log'!$B:$B,D80),IF(C80="Tournament",INDEX('Tournament Log'!$C:$C,E80),INDEX('Guest Log'!$B:$B,Q80)))) | G80: =IF(C80="","",IF(C80="Match",INDEX('Match Log'!$C:$C,D80),IF(C80="Tournament",INDEX('Tournament Log'!$B:$B,E80)&" (Phantom)",INDEX('Guest Log'!$H:$H,Q80)&" (Guest)"))) | H80: {=IF(C80="","",IFERROR(LOOKUP(2,1/(($F$1:F79=F80)+($G$1:G79=F80)),IF($F$1:F79=F80,$N$1:N79,$O$1:O79)),1000))} | I80: {=IF(C80="","",IF(C80="Tournament",INDEX('Tournament Log'!$J:$J,E80),IF(C80="Guest",IF(INDEX('Guest Log'!$I:$I,Q80)="",1000,INDEX('Guest Log'!$I:$I,Q80)),IFERROR(LOOKUP(2,1/(($F$1:F79=G80)+($G$1:G79=G80)),IF($F$1:F79=G80,$N$1:N79,$O$1:O79)),1000))))} | J80: =IF(C80="","",1/(1+10^((I80-H80)/400))) | K80: =IF(C80="","",IF(C80="Match",IF(INDEX('Match Log'!$D:$D,D80)="Win",1,IF(INDEX('Match Log'!$D:$D,D80)="Draw",0.5,0)),IF(C80="Tournament",INDEX('Tournament Log'!$K:$K,E80),IF(INDEX('Guest Log'!$C:$C,Q80)="Win",1,IF(INDEX('Guest Log'!$C:$C,Q80)="Draw",0.5,0))))) | L80: =IF(C80="","",IF(C80="Match",32,IF(C80="Tournament",MIN(32*INDEX('Tournament Log'!$D:$D,E80),96),32))) | M80: =IF(C80="","",ROUND(L80*(K80-J80),0)) | N80: =IF(C80="","",H80+M80) | O80: =IF(C80="","",IF(C80="Match",I80-M80,"")) | P80: =IF(C80="Tournament",INDEX('Tournament Log'!$B:$B,E80),IF(C80="Guest","Guest: "&INDEX('Guest Log'!$H:$H,Q80),"")) | Q80: =IFERROR(MATCH($A80,'Guest Log'!$L$4:$L$203,0)+3,"")
A81: =80 -> 80 | B81: =IF(C81="","",IF(C81="Match",INDEX('Match Log'!$A:$A,D81),IF(C81="Tournament",INDEX('Tournament Log'!$A:$A,E81),INDEX('Guest Log'!$A:$A,Q81)))) | C81: =IF(D81<>"","Match",IF(E81<>"","Tournament",IF(Q81<>"","Guest",""))) | D81: =IFERROR(MATCH($A81,'Match Log'!$K$3:$K$501,0)+2,"") | E81: =IFERROR(MATCH($A81,'Tournament Log'!$O$4:$O$203,0)+3,"") | F81: =IF(C81="","",IF(C81="Match",INDEX('Match Log'!$B:$B,D81),IF(C81="Tournament",INDEX('Tournament Log'!$C:$C,E81),INDEX('Guest Log'!$B:$B,Q81)))) | G81: =IF(C81="","",IF(C81="Match",INDEX('Match Log'!$C:$C,D81),IF(C81="Tournament",INDEX('Tournament Log'!$B:$B,E81)&" (Phantom)",INDEX('Guest Log'!$H:$H,Q81)&" (Guest)"))) | H81: {=IF(C81="","",IFERROR(LOOKUP(2,1/(($F$1:F80=F81)+($G$1:G80=F81)),IF($F$1:F80=F81,$N$1:N80,$O$1:O80)),1000))} | I81: {=IF(C81="","",IF(C81="Tournament",INDEX('Tournament Log'!$J:$J,E81),IF(C81="Guest",IF(INDEX('Guest Log'!$I:$I,Q81)="",1000,INDEX('Guest Log'!$I:$I,Q81)),IFERROR(LOOKUP(2,1/(($F$1:F80=G81)+($G$1:G80=G81)),IF($F$1:F80=G81,$N$1:N80,$O$1:O80)),1000))))} | J81: =IF(C81="","",1/(1+10^((I81-H81)/400))) | K81: =IF(C81="","",IF(C81="Match",IF(INDEX('Match Log'!$D:$D,D81)="Win",1,IF(INDEX('Match Log'!$D:$D,D81)="Draw",0.5,0)),IF(C81="Tournament",INDEX('Tournament Log'!$K:$K,E81),IF(INDEX('Guest Log'!$C:$C,Q81)="Win",1,IF(INDEX('Guest Log'!$C:$C,Q81)="Draw",0.5,0))))) | L81: =IF(C81="","",IF(C81="Match",32,IF(C81="Tournament",MIN(32*INDEX('Tournament Log'!$D:$D,E81),96),32))) | M81: =IF(C81="","",ROUND(L81*(K81-J81),0)) | N81: =IF(C81="","",H81+M81) | O81: =IF(C81="","",IF(C81="Match",I81-M81,"")) | P81: =IF(C81="Tournament",INDEX('Tournament Log'!$B:$B,E81),IF(C81="Guest","Guest: "&INDEX('Guest Log'!$H:$H,Q81),"")) | Q81: =IFERROR(MATCH($A81,'Guest Log'!$L$4:$L$203,0)+3,"")
A82: =81 -> 81 | B82: =IF(C82="","",IF(C82="Match",INDEX('Match Log'!$A:$A,D82),IF(C82="Tournament",INDEX('Tournament Log'!$A:$A,E82),INDEX('Guest Log'!$A:$A,Q82)))) | C82: =IF(D82<>"","Match",IF(E82<>"","Tournament",IF(Q82<>"","Guest",""))) | D82: =IFERROR(MATCH($A82,'Match Log'!$K$3:$K$501,0)+2,"") | E82: =IFERROR(MATCH($A82,'Tournament Log'!$O$4:$O$203,0)+3,"") | F82: =IF(C82="","",IF(C82="Match",INDEX('Match Log'!$B:$B,D82),IF(C82="Tournament",INDEX('Tournament Log'!$C:$C,E82),INDEX('Guest Log'!$B:$B,Q82)))) | G82: =IF(C82="","",IF(C82="Match",INDEX('Match Log'!$C:$C,D82),IF(C82="Tournament",INDEX('Tournament Log'!$B:$B,E82)&" (Phantom)",INDEX('Guest Log'!$H:$H,Q82)&" (Guest)"))) | H82: {=IF(C82="","",IFERROR(LOOKUP(2,1/(($F$1:F81=F82)+($G$1:G81=F82)),IF($F$1:F81=F82,$N$1:N81,$O$1:O81)),1000))} | I82: {=IF(C82="","",IF(C82="Tournament",INDEX('Tournament Log'!$J:$J,E82),IF(C82="Guest",IF(INDEX('Guest Log'!$I:$I,Q82)="",1000,INDEX('Guest Log'!$I:$I,Q82)),IFERROR(LOOKUP(2,1/(($F$1:F81=G82)+($G$1:G81=G82)),IF($F$1:F81=G82,$N$1:N81,$O$1:O81)),1000))))} | J82: =IF(C82="","",1/(1+10^((I82-H82)/400))) | K82: =IF(C82="","",IF(C82="Match",IF(INDEX('Match Log'!$D:$D,D82)="Win",1,IF(INDEX('Match Log'!$D:$D,D82)="Draw",0.5,0)),IF(C82="Tournament",INDEX('Tournament Log'!$K:$K,E82),IF(INDEX('Guest Log'!$C:$C,Q82)="Win",1,IF(INDEX('Guest Log'!$C:$C,Q82)="Draw",0.5,0))))) | L82: =IF(C82="","",IF(C82="Match",32,IF(C82="Tournament",MIN(32*INDEX('Tournament Log'!$D:$D,E82),96),32))) | M82: =IF(C82="","",ROUND(L82*(K82-J82),0)) | N82: =IF(C82="","",H82+M82) | O82: =IF(C82="","",IF(C82="Match",I82-M82,"")) | P82: =IF(C82="Tournament",INDEX('Tournament Log'!$B:$B,E82),IF(C82="Guest","Guest: "&INDEX('Guest Log'!$H:$H,Q82),"")) | Q82: =IFERROR(MATCH($A82,'Guest Log'!$L$4:$L$203,0)+3,"")
A83: =82 -> 82 | B83: =IF(C83="","",IF(C83="Match",INDEX('Match Log'!$A:$A,D83),IF(C83="Tournament",INDEX('Tournament Log'!$A:$A,E83),INDEX('Guest Log'!$A:$A,Q83)))) | C83: =IF(D83<>"","Match",IF(E83<>"","Tournament",IF(Q83<>"","Guest",""))) | D83: =IFERROR(MATCH($A83,'Match Log'!$K$3:$K$501,0)+2,"") | E83: =IFERROR(MATCH($A83,'Tournament Log'!$O$4:$O$203,0)+3,"") | F83: =IF(C83="","",IF(C83="Match",INDEX('Match Log'!$B:$B,D83),IF(C83="Tournament",INDEX('Tournament Log'!$C:$C,E83),INDEX('Guest Log'!$B:$B,Q83)))) | G83: =IF(C83="","",IF(C83="Match",INDEX('Match Log'!$C:$C,D83),IF(C83="Tournament",INDEX('Tournament Log'!$B:$B,E83)&" (Phantom)",INDEX('Guest Log'!$H:$H,Q83)&" (Guest)"))) | H83: {=IF(C83="","",IFERROR(LOOKUP(2,1/(($F$1:F82=F83)+($G$1:G82=F83)),IF($F$1:F82=F83,$N$1:N82,$O$1:O82)),1000))} | I83: {=IF(C83="","",IF(C83="Tournament",INDEX('Tournament Log'!$J:$J,E83),IF(C83="Guest",IF(INDEX('Guest Log'!$I:$I,Q83)="",1000,INDEX('Guest Log'!$I:$I,Q83)),IFERROR(LOOKUP(2,1/(($F$1:F82=G83)+($G$1:G82=G83)),IF($F$1:F82=G83,$N$1:N82,$O$1:O82)),1000))))} | J83: =IF(C83="","",1/(1+10^((I83-H83)/400))) | K83: =IF(C83="","",IF(C83="Match",IF(INDEX('Match Log'!$D:$D,D83)="Win",1,IF(INDEX('Match Log'!$D:$D,D83)="Draw",0.5,0)),IF(C83="Tournament",INDEX('Tournament Log'!$K:$K,E83),IF(INDEX('Guest Log'!$C:$C,Q83)="Win",1,IF(INDEX('Guest Log'!$C:$C,Q83)="Draw",0.5,0))))) | L83: =IF(C83="","",IF(C83="Match",32,IF(C83="Tournament",MIN(32*INDEX('Tournament Log'!$D:$D,E83),96),32))) | M83: =IF(C83="","",ROUND(L83*(K83-J83),0)) | N83: =IF(C83="","",H83+M83) | O83: =IF(C83="","",IF(C83="Match",I83-M83,"")) | P83: =IF(C83="Tournament",INDEX('Tournament Log'!$B:$B,E83),IF(C83="Guest","Guest: "&INDEX('Guest Log'!$H:$H,Q83),"")) | Q83: =IFERROR(MATCH($A83,'Guest Log'!$L$4:$L$203,0)+3,"")
A84: =83 -> 83 | B84: =IF(C84="","",IF(C84="Match",INDEX('Match Log'!$A:$A,D84),IF(C84="Tournament",INDEX('Tournament Log'!$A:$A,E84),INDEX('Guest Log'!$A:$A,Q84)))) | C84: =IF(D84<>"","Match",IF(E84<>"","Tournament",IF(Q84<>"","Guest",""))) | D84: =IFERROR(MATCH($A84,'Match Log'!$K$3:$K$501,0)+2,"") | E84: =IFERROR(MATCH($A84,'Tournament Log'!$O$4:$O$203,0)+3,"") | F84: =IF(C84="","",IF(C84="Match",INDEX('Match Log'!$B:$B,D84),IF(C84="Tournament",INDEX('Tournament Log'!$C:$C,E84),INDEX('Guest Log'!$B:$B,Q84)))) | G84: =IF(C84="","",IF(C84="Match",INDEX('Match Log'!$C:$C,D84),IF(C84="Tournament",INDEX('Tournament Log'!$B:$B,E84)&" (Phantom)",INDEX('Guest Log'!$H:$H,Q84)&" (Guest)"))) | H84: {=IF(C84="","",IFERROR(LOOKUP(2,1/(($F$1:F83=F84)+($G$1:G83=F84)),IF($F$1:F83=F84,$N$1:N83,$O$1:O83)),1000))} | I84: {=IF(C84="","",IF(C84="Tournament",INDEX('Tournament Log'!$J:$J,E84),IF(C84="Guest",IF(INDEX('Guest Log'!$I:$I,Q84)="",1000,INDEX('Guest Log'!$I:$I,Q84)),IFERROR(LOOKUP(2,1/(($F$1:F83=G84)+($G$1:G83=G84)),IF($F$1:F83=G84,$N$1:N83,$O$1:O83)),1000))))} | J84: =IF(C84="","",1/(1+10^((I84-H84)/400))) | K84: =IF(C84="","",IF(C84="Match",IF(INDEX('Match Log'!$D:$D,D84)="Win",1,IF(INDEX('Match Log'!$D:$D,D84)="Draw",0.5,0)),IF(C84="Tournament",INDEX('Tournament Log'!$K:$K,E84),IF(INDEX('Guest Log'!$C:$C,Q84)="Win",1,IF(INDEX('Guest Log'!$C:$C,Q84)="Draw",0.5,0))))) | L84: =IF(C84="","",IF(C84="Match",32,IF(C84="Tournament",MIN(32*INDEX('Tournament Log'!$D:$D,E84),96),32))) | M84: =IF(C84="","",ROUND(L84*(K84-J84),0)) | N84: =IF(C84="","",H84+M84) | O84: =IF(C84="","",IF(C84="Match",I84-M84,"")) | P84: =IF(C84="Tournament",INDEX('Tournament Log'!$B:$B,E84),IF(C84="Guest","Guest: "&INDEX('Guest Log'!$H:$H,Q84),"")) | Q84: =IFERROR(MATCH($A84,'Guest Log'!$L$4:$L$203,0)+3,"")
A85: =84 -> 84 | B85: =IF(C85="","",IF(C85="Match",INDEX('Match Log'!$A:$A,D85),IF(C85="Tournament",INDEX('Tournament Log'!$A:$A,E85),INDEX('Guest Log'!$A:$A,Q85)))) | C85: =IF(D85<>"","Match",IF(E85<>"","Tournament",IF(Q85<>"","Guest",""))) | D85: =IFERROR(MATCH($A85,'Match Log'!$K$3:$K$501,0)+2,"") | E85: =IFERROR(MATCH($A85,'Tournament Log'!$O$4:$O$203,0)+3,"") | F85: =IF(C85="","",IF(C85="Match",INDEX('Match Log'!$B:$B,D85),IF(C85="Tournament",INDEX('Tournament Log'!$C:$C,E85),INDEX('Guest Log'!$B:$B,Q85)))) | G85: =IF(C85="","",IF(C85="Match",INDEX('Match Log'!$C:$C,D85),IF(C85="Tournament",INDEX('Tournament Log'!$B:$B,E85)&" (Phantom)",INDEX('Guest Log'!$H:$H,Q85)&" (Guest)"))) | H85: {=IF(C85="","",IFERROR(LOOKUP(2,1/(($F$1:F84=F85)+($G$1:G84=F85)),IF($F$1:F84=F85,$N$1:N84,$O$1:O84)),1000))} | I85: {=IF(C85="","",IF(C85="Tournament",INDEX('Tournament Log'!$J:$J,E85),IF(C85="Guest",IF(INDEX('Guest Log'!$I:$I,Q85)="",1000,INDEX('Guest Log'!$I:$I,Q85)),IFERROR(LOOKUP(2,1/(($F$1:F84=G85)+($G$1:G84=G85)),IF($F$1:F84=G85,$N$1:N84,$O$1:O84)),1000))))} | J85: =IF(C85="","",1/(1+10^((I85-H85)/400))) | K85: =IF(C85="","",IF(C85="Match",IF(INDEX('Match Log'!$D:$D,D85)="Win",1,IF(INDEX('Match Log'!$D:$D,D85)="Draw",0.5,0)),IF(C85="Tournament",INDEX('Tournament Log'!$K:$K,E85),IF(INDEX('Guest Log'!$C:$C,Q85)="Win",1,IF(INDEX('Guest Log'!$C:$C,Q85)="Draw",0.5,0))))) | L85: =IF(C85="","",IF(C85="Match",32,IF(C85="Tournament",MIN(32*INDEX('Tournament Log'!$D:$D,E85),96),32))) | M85: =IF(C85="","",ROUND(L85*(K85-J85),0)) | N85: =IF(C85="","",H85+M85) | O85: =IF(C85="","",IF(C85="Match",I85-M85,"")) | P85: =IF(C85="Tournament",INDEX('Tournament Log'!$B:$B,E85),IF(C85="Guest","Guest: "&INDEX('Guest Log'!$H:$H,Q85),"")) | Q85: =IFERROR(MATCH($A85,'Guest Log'!$L$4:$L$203,0)+3,"")
A86: =85 -> 85 | B86: =IF(C86="","",IF(C86="Match",INDEX('Match Log'!$A:$A,D86),IF(C86="Tournament",INDEX('Tournament Log'!$A:$A,E86),INDEX('Guest Log'!$A:$A,Q86)))) | C86: =IF(D86<>"","Match",IF(E86<>"","Tournament",IF(Q86<>"","Guest",""))) | D86: =IFERROR(MATCH($A86,'Match Log'!$K$3:$K$501,0)+2,"") | E86: =IFERROR(MATCH($A86,'Tournament Log'!$O$4:$O$203,0)+3,"") | F86: =IF(C86="","",IF(C86="Match",INDEX('Match Log'!$B:$B,D86),IF(C86="Tournament",INDEX('Tournament Log'!$C:$C,E86),INDEX('Guest Log'!$B:$B,Q86)))) | G86: =IF(C86="","",IF(C86="Match",INDEX('Match Log'!$C:$C,D86),IF(C86="Tournament",INDEX('Tournament Log'!$B:$B,E86)&" (Phantom)",INDEX('Guest Log'!$H:$H,Q86)&" (Guest)"))) | H86: {=IF(C86="","",IFERROR(LOOKUP(2,1/(($F$1:F85=F86)+($G$1:G85=F86)),IF($F$1:F85=F86,$N$1:N85,$O$1:O85)),1000))} | I86: {=IF(C86="","",IF(C86="Tournament",INDEX('Tournament Log'!$J:$J,E86),IF(C86="Guest",IF(INDEX('Guest Log'!$I:$I,Q86)="",1000,INDEX('Guest Log'!$I:$I,Q86)),IFERROR(LOOKUP(2,1/(($F$1:F85=G86)+($G$1:G85=G86)),IF($F$1:F85=G86,$N$1:N85,$O$1:O85)),1000))))} | J86: =IF(C86="","",1/(1+10^((I86-H86)/400))) | K86: =IF(C86="","",IF(C86="Match",IF(INDEX('Match Log'!$D:$D,D86)="Win",1,IF(INDEX('Match Log'!$D:$D,D86)="Draw",0.5,0)),IF(C86="Tournament",INDEX('Tournament Log'!$K:$K,E86),IF(INDEX('Guest Log'!$C:$C,Q86)="Win",1,IF(INDEX('Guest Log'!$C:$C,Q86)="Draw",0.5,0))))) | L86: =IF(C86="","",IF(C86="Match",32,IF(C86="Tournament",MIN(32*INDEX('Tournament Log'!$D:$D,E86),96),32))) | M86: =IF(C86="","",ROUND(L86*(K86-J86),0)) | N86: =IF(C86="","",H86+M86) | O86: =IF(C86="","",IF(C86="Match",I86-M86,"")) | P86: =IF(C86="Tournament",INDEX('Tournament Log'!$B:$B,E86),IF(C86="Guest","Guest: "&INDEX('Guest Log'!$H:$H,Q86),"")) | Q86: =IFERROR(MATCH($A86,'Guest Log'!$L$4:$L$203,0)+3,"")
A87: =86 -> 86 | B87: =IF(C87="","",IF(C87="Match",INDEX('Match Log'!$A:$A,D87),IF(C87="Tournament",INDEX('Tournament Log'!$A:$A,E87),INDEX('Guest Log'!$A:$A,Q87)))) | C87: =IF(D87<>"","Match",IF(E87<>"","Tournament",IF(Q87<>"","Guest",""))) | D87: =IFERROR(MATCH($A87,'Match Log'!$K$3:$K$501,0)+2,"") | E87: =IFERROR(MATCH($A87,'Tournament Log'!$O$4:$O$203,0)+3,"") | F87: =IF(C87="","",IF(C87="Match",INDEX('Match Log'!$B:$B,D87),IF(C87="Tournament",INDEX('Tournament Log'!$C:$C,E87),INDEX('Guest Log'!$B:$B,Q87)))) | G87: =IF(C87="","",IF(C87="Match",INDEX('Match Log'!$C:$C,D87),IF(C87="Tournament",INDEX('Tournament Log'!$B:$B,E87)&" (Phantom)",INDEX('Guest Log'!$H:$H,Q87)&" (Guest)"))) | H87: {=IF(C87="","",IFERROR(LOOKUP(2,1/(($F$1:F86=F87)+($G$1:G86=F87)),IF($F$1:F86=F87,$N$1:N86,$O$1:O86)),1000))} | I87: {=IF(C87="","",IF(C87="Tournament",INDEX('Tournament Log'!$J:$J,E87),IF(C87="Guest",IF(INDEX('Guest Log'!$I:$I,Q87)="",1000,INDEX('Guest Log'!$I:$I,Q87)),IFERROR(LOOKUP(2,1/(($F$1:F86=G87)+($G$1:G86=G87)),IF($F$1:F86=G87,$N$1:N86,$O$1:O86)),1000))))} | J87: =IF(C87="","",1/(1+10^((I87-H87)/400))) | K87: =IF(C87="","",IF(C87="Match",IF(INDEX('Match Log'!$D:$D,D87)="Win",1,IF(INDEX('Match Log'!$D:$D,D87)="Draw",0.5,0)),IF(C87="Tournament",INDEX('Tournament Log'!$K:$K,E87),IF(INDEX('Guest Log'!$C:$C,Q87)="Win",1,IF(INDEX('Guest Log'!$C:$C,Q87)="Draw",0.5,0))))) | L87: =IF(C87="","",IF(C87="Match",32,IF(C87="Tournament",MIN(32*INDEX('Tournament Log'!$D:$D,E87),96),32))) | M87: =IF(C87="","",ROUND(L87*(K87-J87),0)) | N87: =IF(C87="","",H87+M87) | O87: =IF(C87="","",IF(C87="Match",I87-M87,"")) | P87: =IF(C87="Tournament",INDEX('Tournament Log'!$B:$B,E87),IF(C87="Guest","Guest: "&INDEX('Guest Log'!$H:$H,Q87),"")) | Q87: =IFERROR(MATCH($A87,'Guest Log'!$L$4:$L$203,0)+3,"")
A88: =87 -> 87 | B88: =IF(C88="","",IF(C88="Match",INDEX('Match Log'!$A:$A,D88),IF(C88="Tournament",INDEX('Tournament Log'!$A:$A,E88),INDEX('Guest Log'!$A:$A,Q88)))) | C88: =IF(D88<>"","Match",IF(E88<>"","Tournament",IF(Q88<>"","Guest",""))) | D88: =IFERROR(MATCH($A88,'Match Log'!$K$3:$K$501,0)+2,"") | E88: =IFERROR(MATCH($A88,'Tournament Log'!$O$4:$O$203,0)+3,"") | F88: =IF(C88="","",IF(C88="Match",INDEX('Match Log'!$B:$B,D88),IF(C88="Tournament",INDEX('Tournament Log'!$C:$C,E88),INDEX('Guest Log'!$B:$B,Q88)))) | G88: =IF(C88="","",IF(C88="Match",INDEX('Match Log'!$C:$C,D88),IF(C88="Tournament",INDEX('Tournament Log'!$B:$B,E88)&" (Phantom)",INDEX('Guest Log'!$H:$H,Q88)&" (Guest)"))) | H88: {=IF(C88="","",IFERROR(LOOKUP(2,1/(($F$1:F87=F88)+($G$1:G87=F88)),IF($F$1:F87=F88,$N$1:N87,$O$1:O87)),1000))} | I88: {=IF(C88="","",IF(C88="Tournament",INDEX('Tournament Log'!$J:$J,E88),IF(C88="Guest",IF(INDEX('Guest Log'!$I:$I,Q88)="",1000,INDEX('Guest Log'!$I:$I,Q88)),IFERROR(LOOKUP(2,1/(($F$1:F87=G88)+($G$1:G87=G88)),IF($F$1:F87=G88,$N$1:N87,$O$1:O87)),1000))))} | J88: =IF(C88="","",1/(1+10^((I88-H88)/400))) | K88: =IF(C88="","",IF(C88="Match",IF(INDEX('Match Log'!$D:$D,D88)="Win",1,IF(INDEX('Match Log'!$D:$D,D88)="Draw",0.5,0)),IF(C88="Tournament",INDEX('Tournament Log'!$K:$K,E88),IF(INDEX('Guest Log'!$C:$C,Q88)="Win",1,IF(INDEX('Guest Log'!$C:$C,Q88)="Draw",0.5,0))))) | L88: =IF(C88="","",IF(C88="Match",32,IF(C88="Tournament",MIN(32*INDEX('Tournament Log'!$D:$D,E88),96),32))) | M88: =IF(C88="","",ROUND(L88*(K88-J88),0)) | N88: =IF(C88="","",H88+M88) | O88: =IF(C88="","",IF(C88="Match",I88-M88,"")) | P88: =IF(C88="Tournament",INDEX('Tournament Log'!$B:$B,E88),IF(C88="Guest","Guest: "&INDEX('Guest Log'!$H:$H,Q88),"")) | Q88: =IFERROR(MATCH($A88,'Guest Log'!$L$4:$L$203,0)+3,"")
A89: =88 -> 88 | B89: =IF(C89="","",IF(C89="Match",INDEX('Match Log'!$A:$A,D89),IF(C89="Tournament",INDEX('Tournament Log'!$A:$A,E89),INDEX('Guest Log'!$A:$A,Q89)))) | C89: =IF(D89<>"","Match",IF(E89<>"","Tournament",IF(Q89<>"","Guest",""))) | D89: =IFERROR(MATCH($A89,'Match Log'!$K$3:$K$501,0)+2,"") | E89: =IFERROR(MATCH($A89,'Tournament Log'!$O$4:$O$203,0)+3,"") | F89: =IF(C89="","",IF(C89="Match",INDEX('Match Log'!$B:$B,D89),IF(C89="Tournament",INDEX('Tournament Log'!$C:$C,E89),INDEX('Guest Log'!$B:$B,Q89)))) | G89: =IF(C89="","",IF(C89="Match",INDEX('Match Log'!$C:$C,D89),IF(C89="Tournament",INDEX('Tournament Log'!$B:$B,E89)&" (Phantom)",INDEX('Guest Log'!$H:$H,Q89)&" (Guest)"))) | H89: {=IF(C89="","",IFERROR(LOOKUP(2,1/(($F$1:F88=F89)+($G$1:G88=F89)),IF($F$1:F88=F89,$N$1:N88,$O$1:O88)),1000))} | I89: {=IF(C89="","",IF(C89="Tournament",INDEX('Tournament Log'!$J:$J,E89),IF(C89="Guest",IF(INDEX('Guest Log'!$I:$I,Q89)="",1000,INDEX('Guest Log'!$I:$I,Q89)),IFERROR(LOOKUP(2,1/(($F$1:F88=G89)+($G$1:G88=G89)),IF($F$1:F88=G89,$N$1:N88,$O$1:O88)),1000))))} | J89: =IF(C89="","",1/(1+10^((I89-H89)/400))) | K89: =IF(C89="","",IF(C89="Match",IF(INDEX('Match Log'!$D:$D,D89)="Win",1,IF(INDEX('Match Log'!$D:$D,D89)="Draw",0.5,0)),IF(C89="Tournament",INDEX('Tournament Log'!$K:$K,E89),IF(INDEX('Guest Log'!$C:$C,Q89)="Win",1,IF(INDEX('Guest Log'!$C:$C,Q89)="Draw",0.5,0))))) | L89: =IF(C89="","",IF(C89="Match",32,IF(C89="Tournament",MIN(32*INDEX('Tournament Log'!$D:$D,E89),96),32))) | M89: =IF(C89="","",ROUND(L89*(K89-J89),0)) | N89: =IF(C89="","",H89+M89) | O89: =IF(C89="","",IF(C89="Match",I89-M89,"")) | P89: =IF(C89="Tournament",INDEX('Tournament Log'!$B:$B,E89),IF(C89="Guest","Guest: "&INDEX('Guest Log'!$H:$H,Q89),"")) | Q89: =IFERROR(MATCH($A89,'Guest Log'!$L$4:$L$203,0)+3,"")
A90: =89 -> 89 | B90: =IF(C90="","",IF(C90="Match",INDEX('Match Log'!$A:$A,D90),IF(C90="Tournament",INDEX('Tournament Log'!$A:$A,E90),INDEX('Guest Log'!$A:$A,Q90)))) | C90: =IF(D90<>"","Match",IF(E90<>"","Tournament",IF(Q90<>"","Guest",""))) | D90: =IFERROR(MATCH($A90,'Match Log'!$K$3:$K$501,0)+2,"") | E90: =IFERROR(MATCH($A90,'Tournament Log'!$O$4:$O$203,0)+3,"") | F90: =IF(C90="","",IF(C90="Match",INDEX('Match Log'!$B:$B,D90),IF(C90="Tournament",INDEX('Tournament Log'!$C:$C,E90),INDEX('Guest Log'!$B:$B,Q90)))) | G90: =IF(C90="","",IF(C90="Match",INDEX('Match Log'!$C:$C,D90),IF(C90="Tournament",INDEX('Tournament Log'!$B:$B,E90)&" (Phantom)",INDEX('Guest Log'!$H:$H,Q90)&" (Guest)"))) | H90: {=IF(C90="","",IFERROR(LOOKUP(2,1/(($F$1:F89=F90)+($G$1:G89=F90)),IF($F$1:F89=F90,$N$1:N89,$O$1:O89)),1000))} | I90: {=IF(C90="","",IF(C90="Tournament",INDEX('Tournament Log'!$J:$J,E90),IF(C90="Guest",IF(INDEX('Guest Log'!$I:$I,Q90)="",1000,INDEX('Guest Log'!$I:$I,Q90)),IFERROR(LOOKUP(2,1/(($F$1:F89=G90)+($G$1:G89=G90)),IF($F$1:F89=G90,$N$1:N89,$O$1:O89)),1000))))} | J90: =IF(C90="","",1/(1+10^((I90-H90)/400))) | K90: =IF(C90="","",IF(C90="Match",IF(INDEX('Match Log'!$D:$D,D90)="Win",1,IF(INDEX('Match Log'!$D:$D,D90)="Draw",0.5,0)),IF(C90="Tournament",INDEX('Tournament Log'!$K:$K,E90),IF(INDEX('Guest Log'!$C:$C,Q90)="Win",1,IF(INDEX('Guest Log'!$C:$C,Q90)="Draw",0.5,0))))) | L90: =IF(C90="","",IF(C90="Match",32,IF(C90="Tournament",MIN(32*INDEX('Tournament Log'!$D:$D,E90),96),32))) | M90: =IF(C90="","",ROUND(L90*(K90-J90),0)) | N90: =IF(C90="","",H90+M90) | O90: =IF(C90="","",IF(C90="Match",I90-M90,"")) | P90: =IF(C90="Tournament",INDEX('Tournament Log'!$B:$B,E90),IF(C90="Guest","Guest: "&INDEX('Guest Log'!$H:$H,Q90),"")) | Q90: =IFERROR(MATCH($A90,'Guest Log'!$L$4:$L$203,0)+3,"")
A91: =90 -> 90 | B91: =IF(C91="","",IF(C91="Match",INDEX('Match Log'!$A:$A,D91),IF(C91="Tournament",INDEX('Tournament Log'!$A:$A,E91),INDEX('Guest Log'!$A:$A,Q91)))) | C91: =IF(D91<>"","Match",IF(E91<>"","Tournament",IF(Q91<>"","Guest",""))) | D91: =IFERROR(MATCH($A91,'Match Log'!$K$3:$K$501,0)+2,"") | E91: =IFERROR(MATCH($A91,'Tournament Log'!$O$4:$O$203,0)+3,"") | F91: =IF(C91="","",IF(C91="Match",INDEX('Match Log'!$B:$B,D91),IF(C91="Tournament",INDEX('Tournament Log'!$C:$C,E91),INDEX('Guest Log'!$B:$B,Q91)))) | G91: =IF(C91="","",IF(C91="Match",INDEX('Match Log'!$C:$C,D91),IF(C91="Tournament",INDEX('Tournament Log'!$B:$B,E91)&" (Phantom)",INDEX('Guest Log'!$H:$H,Q91)&" (Guest)"))) | H91: {=IF(C91="","",IFERROR(LOOKUP(2,1/(($F$1:F90=F91)+($G$1:G90=F91)),IF($F$1:F90=F91,$N$1:N90,$O$1:O90)),1000))} | I91: {=IF(C91="","",IF(C91="Tournament",INDEX('Tournament Log'!$J:$J,E91),IF(C91="Guest",IF(INDEX('Guest Log'!$I:$I,Q91)="",1000,INDEX('Guest Log'!$I:$I,Q91)),IFERROR(LOOKUP(2,1/(($F$1:F90=G91)+($G$1:G90=G91)),IF($F$1:F90=G91,$N$1:N90,$O$1:O90)),1000))))} | J91: =IF(C91="","",1/(1+10^((I91-H91)/400))) | K91: =IF(C91="","",IF(C91="Match",IF(INDEX('Match Log'!$D:$D,D91)="Win",1,IF(INDEX('Match Log'!$D:$D,D91)="Draw",0.5,0)),IF(C91="Tournament",INDEX('Tournament Log'!$K:$K,E91),IF(INDEX('Guest Log'!$C:$C,Q91)="Win",1,IF(INDEX('Guest Log'!$C:$C,Q91)="Draw",0.5,0))))) | L91: =IF(C91="","",IF(C91="Match",32,IF(C91="Tournament",MIN(32*INDEX('Tournament Log'!$D:$D,E91),96),32))) | M91: =IF(C91="","",ROUND(L91*(K91-J91),0)) | N91: =IF(C91="","",H91+M91) | O91: =IF(C91="","",IF(C91="Match",I91-M91,"")) | P91: =IF(C91="Tournament",INDEX('Tournament Log'!$B:$B,E91),IF(C91="Guest","Guest: "&INDEX('Guest Log'!$H:$H,Q91),"")) | Q91: =IFERROR(MATCH($A91,'Guest Log'!$L$4:$L$203,0)+3,"")
A92: =91 -> 91 | B92: =IF(C92="","",IF(C92="Match",INDEX('Match Log'!$A:$A,D92),IF(C92="Tournament",INDEX('Tournament Log'!$A:$A,E92),INDEX('Guest Log'!$A:$A,Q92)))) | C92: =IF(D92<>"","Match",IF(E92<>"","Tournament",IF(Q92<>"","Guest",""))) | D92: =IFERROR(MATCH($A92,'Match Log'!$K$3:$K$501,0)+2,"") | E92: =IFERROR(MATCH($A92,'Tournament Log'!$O$4:$O$203,0)+3,"") | F92: =IF(C92="","",IF(C92="Match",INDEX('Match Log'!$B:$B,D92),IF(C92="Tournament",INDEX('Tournament Log'!$C:$C,E92),INDEX('Guest Log'!$B:$B,Q92)))) | G92: =IF(C92="","",IF(C92="Match",INDEX('Match Log'!$C:$C,D92),IF(C92="Tournament",INDEX('Tournament Log'!$B:$B,E92)&" (Phantom)",INDEX('Guest Log'!$H:$H,Q92)&" (Guest)"))) | H92: {=IF(C92="","",IFERROR(LOOKUP(2,1/(($F$1:F91=F92)+($G$1:G91=F92)),IF($F$1:F91=F92,$N$1:N91,$O$1:O91)),1000))} | I92: {=IF(C92="","",IF(C92="Tournament",INDEX('Tournament Log'!$J:$J,E92),IF(C92="Guest",IF(INDEX('Guest Log'!$I:$I,Q92)="",1000,INDEX('Guest Log'!$I:$I,Q92)),IFERROR(LOOKUP(2,1/(($F$1:F91=G92)+($G$1:G91=G92)),IF($F$1:F91=G92,$N$1:N91,$O$1:O91)),1000))))} | J92: =IF(C92="","",1/(1+10^((I92-H92)/400))) | K92: =IF(C92="","",IF(C92="Match",IF(INDEX('Match Log'!$D:$D,D92)="Win",1,IF(INDEX('Match Log'!$D:$D,D92)="Draw",0.5,0)),IF(C92="Tournament",INDEX('Tournament Log'!$K:$K,E92),IF(INDEX('Guest Log'!$C:$C,Q92)="Win",1,IF(INDEX('Guest Log'!$C:$C,Q92)="Draw",0.5,0))))) | L92: =IF(C92="","",IF(C92="Match",32,IF(C92="Tournament",MIN(32*INDEX('Tournament Log'!$D:$D,E92),96),32))) | M92: =IF(C92="","",ROUND(L92*(K92-J92),0)) | N92: =IF(C92="","",H92+M92) | O92: =IF(C92="","",IF(C92="Match",I92-M92,"")) | P92: =IF(C92="Tournament",INDEX('Tournament Log'!$B:$B,E92),IF(C92="Guest","Guest: "&INDEX('Guest Log'!$H:$H,Q92),"")) | Q92: =IFERROR(MATCH($A92,'Guest Log'!$L$4:$L$203,0)+3,"")
A93: =92 -> 92 | B93: =IF(C93="","",IF(C93="Match",INDEX('Match Log'!$A:$A,D93),IF(C93="Tournament",INDEX('Tournament Log'!$A:$A,E93),INDEX('Guest Log'!$A:$A,Q93)))) | C93: =IF(D93<>"","Match",IF(E93<>"","Tournament",IF(Q93<>"","Guest",""))) | D93: =IFERROR(MATCH($A93,'Match Log'!$K$3:$K$501,0)+2,"") | E93: =IFERROR(MATCH($A93,'Tournament Log'!$O$4:$O$203,0)+3,"") | F93: =IF(C93="","",IF(C93="Match",INDEX('Match Log'!$B:$B,D93),IF(C93="Tournament",INDEX('Tournament Log'!$C:$C,E93),INDEX('Guest Log'!$B:$B,Q93)))) | G93: =IF(C93="","",IF(C93="Match",INDEX('Match Log'!$C:$C,D93),IF(C93="Tournament",INDEX('Tournament Log'!$B:$B,E93)&" (Phantom)",INDEX('Guest Log'!$H:$H,Q93)&" (Guest)"))) | H93: {=IF(C93="","",IFERROR(LOOKUP(2,1/(($F$1:F92=F93)+($G$1:G92=F93)),IF($F$1:F92=F93,$N$1:N92,$O$1:O92)),1000))} | I93: {=IF(C93="","",IF(C93="Tournament",INDEX('Tournament Log'!$J:$J,E93),IF(C93="Guest",IF(INDEX('Guest Log'!$I:$I,Q93)="",1000,INDEX('Guest Log'!$I:$I,Q93)),IFERROR(LOOKUP(2,1/(($F$1:F92=G93)+($G$1:G92=G93)),IF($F$1:F92=G93,$N$1:N92,$O$1:O92)),1000))))} | J93: =IF(C93="","",1/(1+10^((I93-H93)/400))) | K93: =IF(C93="","",IF(C93="Match",IF(INDEX('Match Log'!$D:$D,D93)="Win",1,IF(INDEX('Match Log'!$D:$D,D93)="Draw",0.5,0)),IF(C93="Tournament",INDEX('Tournament Log'!$K:$K,E93),IF(INDEX('Guest Log'!$C:$C,Q93)="Win",1,IF(INDEX('Guest Log'!$C:$C,Q93)="Draw",0.5,0))))) | L93: =IF(C93="","",IF(C93="Match",32,IF(C93="Tournament",MIN(32*INDEX('Tournament Log'!$D:$D,E93),96),32))) | M93: =IF(C93="","",ROUND(L93*(K93-J93),0)) | N93: =IF(C93="","",H93+M93) | O93: =IF(C93="","",IF(C93="Match",I93-M93,"")) | P93: =IF(C93="Tournament",INDEX('Tournament Log'!$B:$B,E93),IF(C93="Guest","Guest: "&INDEX('Guest Log'!$H:$H,Q93),"")) | Q93: =IFERROR(MATCH($A93,'Guest Log'!$L$4:$L$203,0)+3,"")
A94: =93 -> 93 | B94: =IF(C94="","",IF(C94="Match",INDEX('Match Log'!$A:$A,D94),IF(C94="Tournament",INDEX('Tournament Log'!$A:$A,E94),INDEX('Guest Log'!$A:$A,Q94)))) | C94: =IF(D94<>"","Match",IF(E94<>"","Tournament",IF(Q94<>"","Guest",""))) | D94: =IFERROR(MATCH($A94,'Match Log'!$K$3:$K$501,0)+2,"") | E94: =IFERROR(MATCH($A94,'Tournament Log'!$O$4:$O$203,0)+3,"") | F94: =IF(C94="","",IF(C94="Match",INDEX('Match Log'!$B:$B,D94),IF(C94="Tournament",INDEX('Tournament Log'!$C:$C,E94),INDEX('Guest Log'!$B:$B,Q94)))) | G94: =IF(C94="","",IF(C94="Match",INDEX('Match Log'!$C:$C,D94),IF(C94="Tournament",INDEX('Tournament Log'!$B:$B,E94)&" (Phantom)",INDEX('Guest Log'!$H:$H,Q94)&" (Guest)"))) | H94: {=IF(C94="","",IFERROR(LOOKUP(2,1/(($F$1:F93=F94)+($G$1:G93=F94)),IF($F$1:F93=F94,$N$1:N93,$O$1:O93)),1000))} | I94: {=IF(C94="","",IF(C94="Tournament",INDEX('Tournament Log'!$J:$J,E94),IF(C94="Guest",IF(INDEX('Guest Log'!$I:$I,Q94)="",1000,INDEX('Guest Log'!$I:$I,Q94)),IFERROR(LOOKUP(2,1/(($F$1:F93=G94)+($G$1:G93=G94)),IF($F$1:F93=G94,$N$1:N93,$O$1:O93)),1000))))} | J94: =IF(C94="","",1/(1+10^((I94-H94)/400))) | K94: =IF(C94="","",IF(C94="Match",IF(INDEX('Match Log'!$D:$D,D94)="Win",1,IF(INDEX('Match Log'!$D:$D,D94)="Draw",0.5,0)),IF(C94="Tournament",INDEX('Tournament Log'!$K:$K,E94),IF(INDEX('Guest Log'!$C:$C,Q94)="Win",1,IF(INDEX('Guest Log'!$C:$C,Q94)="Draw",0.5,0))))) | L94: =IF(C94="","",IF(C94="Match",32,IF(C94="Tournament",MIN(32*INDEX('Tournament Log'!$D:$D,E94),96),32))) | M94: =IF(C94="","",ROUND(L94*(K94-J94),0)) | N94: =IF(C94="","",H94+M94) | O94: =IF(C94="","",IF(C94="Match",I94-M94,"")) | P94: =IF(C94="Tournament",INDEX('Tournament Log'!$B:$B,E94),IF(C94="Guest","Guest: "&INDEX('Guest Log'!$H:$H,Q94),"")) | Q94: =IFERROR(MATCH($A94,'Guest Log'!$L$4:$L$203,0)+3,"")
